Cinema Village,New York
22 E 12th St,New York
,New York
Quad Cinema,New York
34 W 13th St,New York
,New York
Sunshine Cinema,New York
143 E Houston St,New York
,New York
AMC Empire 25,New York
234 W 42nd St,New York
,New York
Angelika Film Center & Café,New York
18 W Houston St,New York
,New York
Clearview Cinemas Ziegfeld,New York
141 W 54th St,New York
,New York
IFC Center,New York
323 Avenue of the Americas,New York
,New York
East 86th Street Cinemas,New York
210 E 86th St,New York
,New York
Film Forum,New York
209 W Houston St,New York
,New York
Players Theatre,New York
115 MacDougal St,New York
,New York
Public Theater Box Office,New York
425 Lafayette St,New York
,New York
Barrow Street Theatre,New York
27 Barrow St,New York
,New York
Cinema 1, 2 & 3,New York
1001 3rd Ave,New York
,New York
Regal Cinemas Battery Park Stadium 11 Movie Theater,New York
102 North End Ave,New York
,New York
The Beekman Theatre,New York
1271 2nd Ave,New York
,New York
Anthology Film Archives,New York
32 Second Ave,New York
,New York
Lincoln Plaza Cinemas,New York
1886 Broadway,New York
,New York
Theater for the New City,New York
155 1st Ave,New York
,New York
Cherry Lane Theatre,New York
38 Commerce St,New York
,New York
Regal Cinemas L.A. Live Stadium 14,Los Angeles
1000 W Olympic Blvd,Los Angeles
,Los Angeles
Los Angeles Theatre,Los Angeles
615 Broadway,Los Angeles
,Los Angeles
Downtown Independent,Los Angeles
251 S Main St,Los Angeles
,Los Angeles
ArcLight Cinemas,Los Angeles
6360 Sunset Blvd,Los Angeles
,Los Angeles
The Landmark Theater,Los Angeles
10850 W Pico Blvd,Los Angeles
,Los Angeles
Chinese Theatres,Los Angeles
6801 Hollywood Blvd,Los Angeles
,Los Angeles
El Capitan Theatre,Los Angeles
6838 Hollywood Blvd,Los Angeles
,Los Angeles
Pacific Theatres Exhibition Corp.,Los Angeles
120 N Robertson Blvd #5,Los Angeles
,Los Angeles
Mark Taper Forum,Los Angeles
135 N Grand Ave,Los Angeles
,Los Angeles
The Landmark Nuart Theatre,Los Angeles
11272 Santa Monica Blvd,Los Angeles
,Los Angeles
El Rey Theatre,Los Angeles
5515 Wilshire Blvd,Los Angeles
,Los Angeles
Grauman's Chinese Theatre,Los Angeles
6925 Hollywood Blvd,Los Angeles
,Los Angeles
Ahmanson Theatre,Los Angeles
601 W Temple St,Los Angeles
,Los Angeles
Egyptian Theatre,Los Angeles
6712 Hollywood Blvd,Los Angeles
,Los Angeles
New Beverly Cinema,Los Angeles
7165 Beverly Blvd,Los Angeles
,Los Angeles
University Village 3 Theatres,Los Angeles
3323 S Hoover St,Los Angeles
,Los Angeles
The Wiltern,Los Angeles
3790 Wilshire Blvd,Los Angeles
,Los Angeles
CGV Cinemas Movie Theater,Los Angeles
621 S Western Ave,Los Angeles
,Los Angeles
AMC River East 21,Chicago
322 E Illinois St,Chicago
,Chicago
AMC Loews 600 North Michigan 9,Chicago
600 N Michigan Ave,Chicago
,Chicago
Gene Siskel Film Center,Chicago
164 N State St,Chicago
,Chicago
Navy Pier IMAX Theatre,Chicago
600 E Grand Ave,Chicago
,Chicago
Landmark´s Century Centre Cinema,Chicago
2828 N Clark St,Chicago
,Chicago
Regal Cinemas Webster Place 11 Movie Theater,Chicago
1471 W Webster Ave,Chicago
,Chicago
Music Box Theatre,Chicago
3733 N Southport Ave,Chicago
,Chicago
Davis Theater,Chicago
4614 N Lincoln Ave,Chicago
,Chicago
Regal City North Stadium 14 & RPX,Chicago
2600 N Western Ave,Chicago
,Chicago
Chicago Theatre,Chicago
175 N State St,Chicago
,Chicago
Congress Theater,Chicago
2135 N Milwaukee Ave,Chicago
,Chicago
The New 400 Theater,Chicago
6746 N Sheridan Rd,Chicago
,Chicago
The Vic,Chicago
3145 N Sheffield Ave,Chicago
,Chicago
Showplace Icon Movie Theater,Chicago
1011 South Delano Ct E,Chicago
,Chicago
Logan Theatre,Chicago
2646 N Milwaukee Ave,Chicago
,Chicago
Brew & View At the Vic,Chicago
3145 N Sheffield Ave,Chicago
,Chicago
Chopin Theatre,Chicago
1543 W Division St,Chicago
,Chicago
Facets Multi-Media,Chicago
1517 W Fullerton Ave,Chicago
,Chicago
Omnimax Theater,Chicago
5700 S Lake Shore Dr,Chicago
,Chicago
Patio Theater,Chicago
6008 W Irving Park Rd,Chicago
,Chicago
AMC Studio 30,Houston
2949 Dunvale Rd,Houston
,Houston
Edwards Houston Marq'E Stadium 23 & IMAX,Houston
7600 Katy Fwy,Houston
,Houston
River Oaks Theatre,Houston
2009 W Gray St,Houston
,Houston
Miller Outdoor Theatre,Houston
6000 Hermann Park Dr,Houston
,Houston
Cinemark Tinseltown,Houston
11450 East Fwy,Houston
,Houston
Studio Movie Grill,Houston
805 Town & Country Ln,Houston
,Houston
Cinemark Memorial City,Houston
310 Memorial City Way,Houston
,Houston
Sundance Cinemas,Houston
510 Texas Ave,Houston
,Houston
Funasia Movie Theaters,Houston
7703 W Bellfort St,Houston
,Houston
AMC Willowbrook 24,Houston
17145 Tomball Pkwy,Houston
,Houston
Willowbrook Movie Tavern,Houston
18359 State Highway 249,Houston
,Houston
Houston Grand Opera,Houston
510 Preston St,Houston
,Houston
Wortham Theater Center,Houston
500 Texas Ave,Houston
,Houston
CityCentre,Houston
800 Town and Country Blvd,Houston
,Houston
North Oaks Cinema 6,Houston
4623 FM 1960 Rd W,Houston
,Houston
14 Pews,Houston
800 Aurora St,Houston
,Houston
AMC Gulf Pointe 30,Houston
11801 South Sam Houston Pkwy E,Houston
,Houston
Richey Road Movie Tavern,Houston
15719 Interstate 45 North,Houston
,Houston
AMC Franklin Mills Mall 14,Philadelphia
1149 Franklin Mills Cir,Philadelphia
,Philadelphia
Landmark Ritz At the Bourse,Philadelphia
400 Ranstead St,Philadelphia
,Philadelphia
United Artists Riverview Plaza Stadium 17 Movie Theater,Philadelphia
1400 S Christopher Columbus Blvd,Philadelphia
,Philadelphia
Rave Cinemas,Philadelphia
4012 Walnut St,Philadelphia
,Philadelphia
The Wilma Theater,Philadelphia
265 S Broad St,Philadelphia
,Philadelphia
Landmark Ritz East,Philadelphia
125 S 2nd St,Philadelphia
,Philadelphia
Pearl Theatre at Avenue North,Philadelphia
1600 N Broad St,Philadelphia
,Philadelphia
Trocadero Theatre,Philadelphia
1003 Arch St,Philadelphia
,Philadelphia
Prince Music Theater,Philadelphia
1412 Chestnut St,Philadelphia
,Philadelphia
Landmark Ritz 5,Philadelphia
214 Walnut St,Philadelphia
,Philadelphia
Freedom Theatre,Philadelphia
1346 N Broad St,Philadelphia
,Philadelphia
Tuttleman IMAX Theater,Philadelphia
222 N 20th St,Philadelphia
,Philadelphia
Walking Fish Theatre,Philadelphia
2509 Frankford Ave,Philadelphia
,Philadelphia
Lights of Liberty,Philadelphia
600 Chestnut St,Philadelphia
,Philadelphia
Tomlinson Theater of Temple,Philadelphia
1301 W Norris St,Philadelphia
,Philadelphia
Egopo Classic Theater,Philadelphia
1219 Vine St,Philadelphia
,Philadelphia
Invincible Pictures,Philadelphia
1600 N 5th St,Philadelphia
,Philadelphia
The Sedgwick Theater,Philadelphia
7137 Germantown Ave,Philadelphia
,Philadelphia
Quig's Pub,Philadelphia
1714 Delancey Pl,Philadelphia
,Philadelphia
Harkins North Valley 16,Phoenix
3420 E Bell Rd,Phoenix
,Phoenix
Harkins Theatres Arcadia 8,Phoenix
3975 E Thomas Rd,Phoenix
,Phoenix
Harkins Theatres Norterra 14,Phoenix
2550 W Happy Valley Rd,Phoenix
,Phoenix
Harkins Theatres Christown 14,Phoenix
1620 W Montebello Ave,Phoenix
,Phoenix
Harkins Theatres,Phoenix
9615 North Metro Pkwy W,Phoenix
,Phoenix
Harkins Theatres Scottsdale 101 14,Phoenix
7000 E Mayo Blvd,Phoenix
,Phoenix
AMC Arizona Center 24,Phoenix
565 N 3rd St,Phoenix
,Phoenix
AMC Esplanade 14,Phoenix
2515 E Camelback Rd,Phoenix
,Phoenix
AMC Deer Valley 30,Phoenix
3033 W Agua Fria Fwy,Phoenix
,Phoenix
AMC Desert Ridge 18,Phoenix
21001 N Tatum Blvd,Phoenix
,Phoenix
AMC Theatres,Phoenix
4915 E Ray Rd,Phoenix
,Phoenix
Silver Cinemas,Phoenix
2710 W Bell Rd,Phoenix
,Phoenix
Comerica Theatre,Phoenix
400 W Washington St,Phoenix
,Phoenix
Arizona Science Center,Phoenix
600 E Washington St,Phoenix
,Phoenix
FilmBar,Phoenix
815 N 2nd St,Phoenix
,Phoenix
The Picture Show at Paradise Valley Mall,Phoenix
4550 E Cactus Rd,Phoenix
,Phoenix
Cinema Latino De Phoenix,Phoenix
7611 W Thomas Rd,Phoenix
,Phoenix
Super Saver Cinema 8,Phoenix
2710 W Bell Rd,Phoenix
,Phoenix
Actors Theatre of Phoenix Scene Shop,Phoenix
717 W Buchanan St,Phoenix
,Phoenix
Blockbuster Express,Phoenix
8004 N 27th Ave,Phoenix
,Phoenix
Santikos Palladium IMAX,San Antonio
17703 W Ih 10,San Antonio
,San Antonio
AMC Rivercenter,San Antonio
849 E Commerce St #800,San Antonio
,San Antonio
Alamo Drafthouse Park North,San Antonio
618 NW Loop 410,San Antonio
,San Antonio
Alamo Imax Theatre,San Antonio
849 E Commerce St #285,San Antonio
,San Antonio
Regal Cinemas Cielo Vista Stadium 18 RPX Movie Theater,San Antonio
2828 Cinema Ridge,San Antonio
,San Antonio
Cinemark Movies 16,San Antonio
5063 NW Loop 410,San Antonio
,San Antonio
Majestic Theatre,San Antonio
224 E Houston St,San Antonio
,San Antonio
City Base Cinema,San Antonio
2623 SE Military Dr,San Antonio
,San Antonio
Santikos Embassy 14,San Antonio
13707 Embassy Row,San Antonio
,San Antonio
Alamo Drafthouse Cinema -WestLakes,San Antonio
1255 SW Loop 410,San Antonio
,San Antonio
Cinema Solutions,San Antonio
401 E Sonterra Blvd,San Antonio
,San Antonio
Santikos Silverado 16,San Antonio
11505 West Loop 1604 N,San Antonio
,San Antonio
Alamo Drafthouse Cinema,San Antonio
22806 U.S. 281,San Antonio
,San Antonio
Cinemark McCreless Market,San Antonio
4424 S New Braunfels Ave #601,San Antonio
,San Antonio
City Base West,San Antonio
9100 Interstate Highway 10 #205,San Antonio
,San Antonio
AMC Mission Valley 20,San Diego
1640 Camino Del Rio N,San Diego
,San Diego
AMC Fashion Valley 18,San Diego
7037 Friars Rd,San Diego
,San Diego
Hillcrest Cinema,San Diego
3965 5th Ave,San Diego
,San Diego
Reading Cinemas Gaslamp 15,San Diego
701 5th Ave,San Diego
,San Diego
Regal: Mira Mesa Stadium 18,San Diego
10733 Westview Pkwy,San Diego
,San Diego
Landmark Theatres Ken Cinema,San Diego
4061 Adams Ave,San Diego
,San Diego
Cinepolis Luxury Cinemas - Del Mar,San Diego
12905 El Camino Real,San Diego
,San Diego
South Bay Drive-In,San Diego
2170 Coronado Ave,San Diego
,San Diego
AMC Palm Promonade,San Diego
770 Dennery Rd,San Diego
,San Diego
Spreckels Theatre,San Diego
121 Broadway #600,San Diego
,San Diego
Cinema Under The Stars,San Diego
4040 Goldfinch St,San Diego
,San Diego
Jolar Cinema,San Diego
6321 University Ave,San Diego
,San Diego
ArcLight La Jolla,San Diego
4425 La Jolla Village Dr,San Diego
,San Diego
National Comedy Theatre,San Diego
3717 India St,San Diego
,San Diego
Guild Theatre,San Diego
3965 5th Ave # 200,San Diego
,San Diego
Scripps Ranch Theatre,San Diego
10755 Scripps Poway Pkwy,San Diego
,San Diego
AMC NorthPark 15,Dallas
8687 N Central Expy,Dallas
,Dallas
Angelika Film Center,Dallas
5321 E Mockingbird Ln #230,Dallas
,Dallas
The Magnolia,Dallas
3699 McKinney Ave #100,Dallas
,Dallas
Cinemark 17 and IMAX Theatre,Dallas
11819 Webb Chapel Rd,Dallas
,Dallas
Landmark Inwood Theatre,Dallas
5458 W Lovers Ln,Dallas
,Dallas
Lakewood Theater,Dallas
1825 Abrams Rd,Dallas
,Dallas
Texas Theatre,Dallas
231 W Jefferson Blvd,Dallas
,Dallas
United Artists Galaxy Theatre Stadium 10 Movie Theater,Dallas
11801 McCree Rd,Dallas
,Dallas
Studio Movie Grill,Dallas
11170 N Central Expy,Dallas
,Dallas
Highland Park Village Theater,Dallas
32 Highland Park Village,Dallas
,Dallas
Gexa Energy Pavilion,Dallas
1818 1st Ave,Dallas
,Dallas
AMC Valley View 16,Dallas
13331 Preston Rd #2300,Dallas
,Dallas
NorthPark Center,Dallas
8687 N Central Expy,Dallas
,Dallas
Dallas Theater Center,Dallas
2400 Flora St,Dallas
,Dallas
Movie Trading Co,Dallas
3522 La Reunion Pkwy,Dallas
,Dallas
Lido Adult Theatre,Dallas
7035 John W Carpenter Fwy,Dallas
,Dallas
Box Office,Dallas
5959 Royal Ln,Dallas
,Dallas
LOOK Cinemas,Dallas
5409 Belt Line Rd,Dallas
,Dallas
Starplex Cinemas,Dallas
12400 Coit Rd #800,Dallas
,Dallas
AMC Eastridge 15,San Jose
2190 Eastridge Loop,San Jose
,San Jose
Century Oakridge 20,San Jose
925 Blossom Hill Rd #2000,San Jose
,San Jose
Camera 12 Cinemas,San Jose
201 S Second St,San Jose
,San Jose
CineLux Almaden Cinema,San Jose
2306 Almaden Rd,San Jose
,San Jose
West Wind Capitol Drive-In,San Jose
3630 Hillcap Ave,San Jose
,San Jose
AMC Saratoga 14,San Jose
700 El Paseo de Saratoga,San Jose
,San Jose
California Theatre,San Jose
345 S 1st St,San Jose
,San Jose
Hackworth IMAX Dome,San Jose
201 S Market St,San Jose
,San Jose
Burbank Theatre,San Jose
552 S Bascom Ave,San Jose
,San Jose
North American Theatre Technology,San Jose
1255 Alma Ct,San Jose
,San Jose
Campbell Plaza Theatres Inc,San Jose
,San Jose
Almaden 2 & 4 Theatres,San Jose
5655 Gallup Dr,San Jose
,San Jose
Towne 3 Cinemas,San Jose
1433 The Alameda,San Jose
,San Jose
Theater,San Jose
Theater Moorpark Ave,San Jose
,San Jose
Novedades Cine,San Jose
4112 Monterey Hwy,San Jose
,San Jose
Camera 7 Cinemas,San Jose
1875 S Bascom Ave,San Jose
,San Jose
AMC Mercado 20,San Jose
3111 Mission College Blvd,San Jose
,San Jose
AMC Barton Creek Square 14,Austin
2901 S Capital of Texas Hwy,Austin
,Austin
Alamo Drafthouse Cinema,Austin
2700 W Anderson Ln,Austin
,Austin
Violet Crown Cinema,Austin
434 W 2nd St,Austin
,Austin
The Paramount Theatre,Austin
713 Congress Ave,Austin
,Austin
Alamo Drafthouse Cinema,Austin
320 E 6th St,Austin
,Austin
Regal Cinemas Metropolitan Stadium 14 Movie Theater,Austin
901 Little Texas Ln,Austin
,Austin
Cinemark Tinseltown 17,Austin
5501 S Interstate 35 Frontage Rd,Austin
,Austin
Galaxy Highland 10,Austin
6700 Middle Fiskville Rd,Austin
,Austin
Bullock Texas State History Museum: IMAX Theatre,Austin
1800 Congress Ave,Austin
,Austin
Regal Westgate Stadium 11,Austin
4477 S Lamar Blvd,Austin
,Austin
iPic Theaters,Austin
3225 Amy Donovan Plaza,Austin
,Austin
Texas Union Theater,Austin
2247 Guadalupe St,Austin
,Austin
The Millennium Youth Entertainment Complex,Austin
1156 Hargrave St,Austin
,Austin
Regal Cinemas Arbor 8 Cinema at Great Hills Movie Theater,Austin
9828 Great Hills Trail,Austin
,Austin
Blue Starlite Mini Urban Drive In,Austin
1901 E 51st St,Austin
,Austin
Cinemark Southpark Meadows,Austin
9900 S I H 35,Austin
,Austin
Blue Theater,Austin
916 Springdale Rd,Austin
,Austin
Alamo Drafthouse Cinema Slaughter Lane,Austin
5701 W Slaughter Ln,Austin
,Austin
Landmark/Silver Cinema,Austin
1614 W 5th St,Austin
,Austin
Cinemark Tinseltown,Jacksonville
4535 Southside Blvd,Jacksonville
,Jacksonville
Regal Avenues Stadium 20,Jacksonville
9525 Philips Hwy,Jacksonville
,Jacksonville
Hollywood River City 14,Jacksonville
12884 City Center Blvd,Jacksonville
,Jacksonville
San Marco Theatre,Jacksonville
1996 San Marco Blvd,Jacksonville
,Jacksonville
Florida Theatre,Jacksonville
128 E Forsyth St,Jacksonville
,Jacksonville
AMC Regency 24,Jacksonville
9451 Regency Square Blvd,Jacksonville
,Jacksonville
5 Points Theatre,Jacksonville
1028 Park St,Jacksonville
,Jacksonville
Ritz Theatre and Museum,Jacksonville
829 N Davis St,Jacksonville
,Jacksonville
Theatreworks Inc,Jacksonville
630 May St,Jacksonville
,Jacksonville
Movie Stop,Jacksonville
6752 Normandy Blvd,Jacksonville
,Jacksonville
AMC Orange Park 24,Jacksonville
1910 Wells Rd,Jacksonville
,Jacksonville
Carmike 12,Jacksonville
1820 Town Center Blvd,Jacksonville
,Jacksonville
AMC Castleton Square 14,Indianapolis
6020 E 82nd St,Indianapolis
,Indianapolis
AMC Indianapolis 17 with IMAX,Indianapolis
4325 S Meridian St,Indianapolis
,Indianapolis
AMC Showplace Traders Point 12,Indianapolis
5920 W 86th St,Indianapolis
,Indianapolis
AMC Showplace Washington Square 12,Indianapolis
10280 E Washington St,Indianapolis
,Indianapolis
Landmark Theaters Glendale 12,Indianapolis
6102 N Rural St,Indianapolis
,Indianapolis
Landmark Keystone Art Cinema,Indianapolis
8702 Keystone Crossing #201A,Indianapolis
,Indianapolis
UA Circle Centre 9,Indianapolis
49 W Maryland St,Indianapolis
,Indianapolis
Cinemark Movies 8,Indianapolis
1848 E Stop 13 Rd,Indianapolis
,Indianapolis
Georgetown 14 Digital Cinemas,Indianapolis
3898 Lafayette Rd,Indianapolis
,Indianapolis
United Artists Galaxy Stadium 14 Movie Theater,Indianapolis
8105 E 96th St,Indianapolis
,Indianapolis
Tibbs Drive-In,Indianapolis
480 S Tibbs Ave,Indianapolis
,Indianapolis
Imax Theater,Indianapolis
650 W Washington St,Indianapolis
,Indianapolis
Irving Theater,Indianapolis
5505 E Washington St,Indianapolis
,Indianapolis
Murat Theater,Indianapolis
502 N New Jersey St,Indianapolis
,Indianapolis
Studio Movie Grill,Indianapolis
3535 W 86th St,Indianapolis
,Indianapolis
CINEMARK MOVIES 8 WASHINGTON MARKET,Indianapolis
10455 E Washington St,Indianapolis
,Indianapolis
Indiana State Museum,Indianapolis
650 W Washington St,Indianapolis
,Indianapolis
American Cabaret Theatre,Indianapolis
127 E Ohio St,Indianapolis
,Indianapolis
Kerasotes Theatres,Indianapolis
10280 E Washington St,Indianapolis
,Indianapolis
Blockbuster Express,Indianapolis
6001 Michigan Rd,Indianapolis
,Indianapolis
AMC Van Ness 14,San Francisco
1000 Van Ness Ave,San Francisco
,San Francisco
Century San Francisco Centre 9 and XD,San Francisco
845 Market St #500,San Francisco
,San Francisco
Sundance Kabuki Cinemas,San Francisco
1881 Post St,San Francisco
,San Francisco
The Castro Theatre,San Francisco
429 Castro St,San Francisco
,San Francisco
Landmark Theaters Opera Plaza Cinema,San Francisco
601 Van Ness Ave,San Francisco
,San Francisco
Roxie Theater,San Francisco
3117 16th St,San Francisco
,San Francisco
Clay,San Francisco
2261 Fillmore St,San Francisco
,San Francisco
Balboa Theatre,San Francisco
3630 Balboa St,San Francisco
,San Francisco
Marina Theatre,San Francisco
2149 Chestnut St,San Francisco
,San Francisco
Artists' Television Access,San Francisco
992 Valencia St,San Francisco
,San Francisco
Yerba Buena Center for the Arts,San Francisco
701 Mission St,San Francisco
,San Francisco
Victoria Theatre,San Francisco
2961 16th St,San Francisco
,San Francisco
The American Conservatory Theater,San Francisco
415 Geary St,San Francisco
,San Francisco
The Dark Room Theater,San Francisco
2263 Mission St,San Francisco
,San Francisco
Bridge Theatre,San Francisco
3010 Geary Blvd,San Francisco
,San Francisco
Four Star Theatre,San Francisco
2200 Clement St,San Francisco
,San Francisco
Vogue Theatre,San Francisco
3290 Sacramento St,San Francisco
,San Francisco
NEW PEOPLE,San Francisco
1746 Post St,San Francisco
,San Francisco
The Marsh,San Francisco
1062 Valencia St,San Francisco
,San Francisco
Brava Theater Center,San Francisco
2781 24th St,San Francisco
,San Francisco
AMC Easton Town Center 30,Columbus
275 Easton Town Center,Columbus
,Columbus
AMC Lennox Town Center 24,Columbus
777 Kinnear Rd,Columbus
,Columbus
Starplex Cinemas Columbus Movies 10,Columbus
5275 Westpointe Plaza Dr,Columbus
,Columbus
Marcus Crosswoods Cinema,Columbus
200 Hutchinson Ave,Columbus
,Columbus
Gateway Film Center,Columbus
1550 N High St,Columbus
,Columbus
Grandview Theatre,Columbus
1247 Grandview Ave,Columbus
,Columbus
Ohio Theatre,Columbus
39 E State St,Columbus
,Columbus
Drexel Theatres,Columbus
2254 E Main St,Columbus
,Columbus
COSI,Columbus
333 W Broad St,Columbus
,Columbus
Regal Cinemas Georgesville Square Stadium 16 Movie Theater,Columbus
1800 Georgesville Square,Columbus
,Columbus
Rave Motion Pictures,Columbus
1071 Gemini Pl,Columbus
,Columbus
Cinemark Stoneridge Plaza Movies 16,Columbus
323 Stoneridge Ln,Columbus
,Columbus
Studio 35,Columbus
3055 Indianola Ave,Columbus
,Columbus
South Drive In Theatre,Columbus
3050 S High St,Columbus
,Columbus
Screens At the Continent,Columbus
6360 Busch Blvd,Columbus
,Columbus
Columbus Civic Theater,Columbus
3837 Indianola Ave,Columbus
,Columbus
Cinemark Movies 12,Columbus
2570 Bethel Rd,Columbus
,Columbus
Great Clips Georgesville Square,Columbus
Georgesville Rd,Columbus
,Columbus
Ujima Theatre Inc,Columbus
1088 Fountain Ln,Columbus
,Columbus
AMC Palace 9,Fort Worth
220 E 3rd St,Fort Worth
,Fort Worth
Starplex Cinemas Hulen Stadium 10,Fort Worth
6330 Hulen Bend Blvd,Fort Worth
,Fort Worth
Starplex Cinemas,Fort Worth
6600 N Jim Wright Fwy,Fort Worth
,Fort Worth
Hulen Movie Tavern,Fort Worth
4920 S Hulen St,Fort Worth
,Fort Worth
Movie Tavern Fort Worth,Fort Worth
2872 Crockett St,Fort Worth
,Fort Worth
United Artists Fossil Creek Stadium 11 Movie Theater,Fort Worth
6100 North Freeway Service Rd E,Fort Worth
,Fort Worth
Star Village Movies 8,Fort Worth
3980 Boat Club Rd,Fort Worth
,Fort Worth
Cinema Latino,Fort Worth
4200 South Fwy #1095,Fort Worth
,Fort Worth
Omni IMAX Dome Theater,Fort Worth
1600 Gendy St,Fort Worth
,Fort Worth
Ridglea Theater,Fort Worth
6025 Camp Bowie Boulevard,Fort Worth
,Fort Worth
Movie Tavern,Fort Worth
6801 Ridgmar Meadow Rd,Fort Worth
,Fort Worth
Cinemark Alliance Town Center & XD,Fort Worth
9228 Sage Meadow Trail,Fort Worth
,Fort Worth
Rave Cinemas,Fort Worth
2300 Green Oaks Rd,Fort Worth
,Fort Worth
Blockbuster Express,Fort Worth
2708 W Seminary Dr,Fort Worth
,Fort Worth
Coyote Drive-In,Fort Worth
223 NE 4th St,Fort Worth
,Fort Worth
Jubilee Theatre,Fort Worth
506 Main St,Fort Worth
,Fort Worth
Movie Tavern at Green Oaks,Fort Worth
5727 Interstate 20 Frontage Rd,Fort Worth
,Fort Worth
Cinemark Movies 8,Fort Worth
7560 NE Loop 820,Fort Worth
,Fort Worth
Movies 14,Fort Worth
301 W Rendon Crowley Rd,Fort Worth
,Fort Worth
Studio Movie Grill,Fort Worth
225 Merchants Row,Fort Worth
,Fort Worth
AMC Northlake 14,Charlotte
7325 Northlake Mall Dr,Charlotte
,Charlotte
Carolina Cinemas,Charlotte
9630 Monroe Rd,Charlotte
,Charlotte
Studio Movie Grill,Charlotte
210 E Trade St D290,Charlotte
,Charlotte
Ayrsley Grand Cinemas,Charlotte
9110 Kings Parade Blvd,Charlotte
,Charlotte
Regal Cinemas Phillips Place Stadium 10 Movie Theater,Charlotte
6911 Phillips Pl Ct,Charlotte
,Charlotte
Theatre Charlotte,Charlotte
501 Queens Rd,Charlotte
,Charlotte
Discovery Place,Charlotte
301 N Tryon St,Charlotte
,Charlotte
AMC Carolina Pavilion 22,Charlotte
9541 South Blvd,Charlotte
,Charlotte
Stone Theatres,Charlotte
5970 Fairview Rd,Charlotte
,Charlotte
Neighborhood Theatre,Charlotte
511 E 36th St,Charlotte
,Charlotte
Ovens Auditorium,Charlotte
2700 E Independence Blvd,Charlotte
,Charlotte
Home Theater Solutions,Charlotte
125 W Tremont Ave #931,Charlotte
,Charlotte
Ez Tixx,Charlotte
229 S Brevard St,Charlotte
,Charlotte
Sky Cinema Systems,Charlotte
#146, 3020 Prosperity Church Rd,Charlotte
,Charlotte
Charlotte Summer Theater,Charlotte
425 Pecan Ave,Charlotte
,Charlotte
Stageworks Theatre,Charlotte
7110 Burlwood Rd,Charlotte
,Charlotte
Bel Air 10 Theater,Detroit
10100 E 8 Mile Rd,Detroit
,Detroit
Ren Cen 4,Detroit
200 Renaissance Center,Detroit
,Detroit
IMAX Dome Theatre,Detroit
5020 John R St,Detroit
,Detroit
The Redford Theater,Detroit
17360 Lahser Rd,Detroit
,Detroit
The Fillmore Detroit,Detroit
2115 Woodward Ave,Detroit
,Detroit
Corktown Cinema (formerly the Burton Theatre),Detroit
2051 Rosa Parks Blvd,Detroit
,Detroit
Harpos Concert Theatre,Detroit
14238 Harper Ave,Detroit
,Detroit
Senate Theatre,Detroit
6424 Michigan Ave,Detroit
,Detroit
Alger Theater,Detroit
16451 E Warren Ave,Detroit
,Detroit
Renaissance One Two Three,Detroit
400 Renaissance Center,Detroit
,Detroit
Cass City Cinema at the Burton Theater,Detroit
3420 Cass Ave,Detroit
,Detroit
Peddy Players Comm Theatre Group,Detroit
131 Longfellow St,Detroit
,Detroit
The Majestic Theatre,Detroit
4120 Woodward Ave,Detroit
,Detroit
Fox Theatre,Detroit
2211 Woodward Ave,Detroit
,Detroit
Ford Drive In Theatre,Detroit
10400 Ford Rd,Detroit
,Detroit
AMC Star Fairlane 21,Detroit
18900 Michigan Ave,Detroit
,Detroit
Allen Park Cinema,Detroit
6601 Allen Rd,Detroit
,Detroit
Main Art Theatre,Detroit
118 N Main St,Detroit
,Detroit
Premiere Cinema Eighteen,El Paso
6101 Gateway W,El Paso
,El Paso
Starplex Cinemas,El Paso
8300 Gateway Blvd E #200/300,El Paso
,El Paso
Cinemark Tinseltown USA,El Paso
11855 Gateway Blvd W,El Paso
,El Paso
Carmike 16,El Paso
9840 Gateway N Blvd,El Paso
,El Paso
Montwood Movies 7,El Paso
2200 N Yarbrough Dr E2,El Paso
,El Paso
Cinemark Cielo Vista Mall 14,El Paso
8401 Gateway Blvd W,El Paso
,El Paso
Fiesta Drive-In Theatre,El Paso
13800 Montana Ave,El Paso
,El Paso
Grand Theatre,El Paso
1619 Pleastonton Rd,El Paso
,El Paso
Fort Bliss Stayton Theater,El Paso
Bldg 2495,El Paso
,El Paso
Stayton Theater,El Paso
,El Paso
Movies In The Park,El Paso
Warren Belin Dr,El Paso
,El Paso
Cinemark East Montana,El Paso
12704 Montana, El Paso, TX 79938, Montana Ave,El Paso
,El Paso
Malco Paradiso Theatre,Memphis
584 S Mendenhall Rd,Memphis
,Memphis
Bartlett Cinema,Memphis
2809 Bartlett Blvd,Memphis
,Memphis
Malco Studio on the Square,Memphis
2105 Court Ave,Memphis
,Memphis
Summer Drive-In,Memphis
5310 Summer Ave,Memphis
,Memphis
Malco Majestic,Memphis
7051 Malco Crossing,Memphis
,Memphis
Malco Stage Cinema,Memphis
7930 U.S. 64,Memphis
,Memphis
Hollywood 20 Cinemas,Memphis
6711 Stage Rd,Memphis
,Memphis
Palace Cinema,Memphis
5117 Old Summer Rd,Memphis
,Memphis
Pink Palace Family of Museums,Memphis
3050 Central Ave,Memphis
,Memphis
Hattiloo Theatre,Memphis
656 Marshall Ave,Memphis
,Memphis
Cineplanet 16,Memphis
79 Atoka-Munford Rd,Memphis
,Memphis
Cannon Center For The Performing Arts,Memphis
255 N Main St,Memphis
,Memphis
Playhouse On the Square,Memphis
66 S Cooper St,Memphis
,Memphis
Orpheum Theatre,Memphis
203 S Main St,Memphis
,Memphis
Crew Training International Imax Theater,Memphis
3050 Central Ave,Memphis
,Memphis
Voices of the South,Memphis
1000 S Cooper St,Memphis
,Memphis
Tri State Theatre Supply,Memphis
3157 Norbrook Dr,Memphis
,Memphis
Tennessee Shakespeare Co,Memphis
2260 West St,Memphis
,Memphis
Emerald Theatre Co,Memphis
2085 Monroe Ave,Memphis
,Memphis
New Day Children's Theatre,Memphis
4630 Merchants Park Cir #737,Memphis
,Memphis
Opera Laboratory Theater Co,Boston
162 Boylston St,Boston
,Boston
AMC Loews Boston Common 19,Boston
175 Tremont St,Boston
,Boston
Regal Fenway Stadium 13 & RPX,Boston
201 Brookline Ave,Boston
,Boston
Simons IMAX Theater,Boston
1 Central Wharf,Boston
,Boston
Wang Theater,Boston
270 Tremont St,Boston
,Boston
The Paramount Center,Boston
559 Washington St,Boston
,Boston
Boston Playwrights' Theatre,Boston
949 Commonwealth Ave,Boston
,Boston
Modern Theatre - Suffolk University,Boston
525 Washington St,Boston
,Boston
Mugar Omni Imax Theatre,Boston
1 1 Science Park,Boston
,Boston
Causeway Tickets,Boston
239 Causeway St,Boston
,Boston
Boston Basketball Partners LLC,Boston
226 Causeway St,Boston
,Boston
Oodua African Movie Center,Boston
440 Blue Hill Ave,Boston
,Boston
Calderwood Pavilion, where Baby Wiggle is held. 3rd floor,Boston
Tremont St,Boston
,Boston
Cinema Moviefone,Boston
1137 River St,Boston
,Boston
Coolidge Corner Theater,Boston
290 Harvard St,Boston
,Boston
Landmark Kendall Square,Boston
355 Binney St,Boston
,Boston
Showcase Cinemas De Lux Revere,Boston
565 Squire Rd,Boston
,Boston
Somerville Theatre,Boston
55 Davis Square,Boston
,Boston
Brattle Theatre,Boston
40 Brattle St,Boston
,Boston
AMC Pacific Place 11,Seattle
600 Pine St #400,Seattle
,Seattle
Landmark Harvard Exit,Seattle
807 E Roy St,Seattle
,Seattle
Regal Meridian,Seattle
1501 7th Ave,Seattle
,Seattle
Cinerama,Seattle
2100 4th Ave,Seattle
,Seattle
Central Cinema,Seattle
1411 21st Ave,Seattle
,Seattle
Admiral Theater,Seattle
2343 California Ave SW,Seattle
,Seattle
Majestic Bay Theatres,Seattle
2044 NW Market St,Seattle
,Seattle
SIFF Cinema Uptown,Seattle
511 Queen Anne Ave N,Seattle
,Seattle
Landmark Guild 45th,Seattle
2115 N 45th St,Seattle
,Seattle
Grand Illusion Cinema,Seattle
1403 NE 50th St,Seattle
,Seattle
AMC Southcenter 16,Seattle
3600 Southcenter Mall,Seattle
,Seattle
Northwest Film Forum,Seattle
1515 12th Ave,Seattle
,Seattle
AMC Loews Oak Tree 6,Seattle
10006 Aurora Ave N,Seattle
,Seattle
Big Picture,Seattle
2505 1st Ave,Seattle
,Seattle
The Moore Theatre,Seattle
1932 2nd Ave,Seattle
,Seattle
Landmark Seven Gables,Seattle
911 NE 50th St,Seattle
,Seattle
ACT Theatre,Seattle
700 Union St,Seattle
,Seattle
Mayan Theatre,Denver
110 Broadway,Denver
,Denver
United Artists Denver Pavilions Stadium 15 Movie Theater,Denver
500 16th Street Mall #310,Denver
,Denver
AMC Cherry Creek 8,Denver
3000 E 1st Ave,Denver
,Denver
Harkins Theatres Northfield 18,Denver
8300 Northfield Blvd,Denver
,Denver
The Ogden Theater,Denver
935 E Colfax Ave,Denver
,Denver
Landmark Theatre Esquire,Denver
590 Downing St,Denver
,Denver
Tiffany Plaza Movies 6,Denver
7400 E Hampden Ave,Denver
,Denver
UA Colorado Center Stadium 9 & IMAX,Denver
2000 S Colorado Blvd,Denver
,Denver
Century 16 Bel Mar and XD,Denver
440 S Teller St,Denver
,Denver
Denver FilmCenter / Colfax,Denver
2510 E Colfax Ave,Denver
,Denver
Historic Elitch Gardens Theatre,Denver
4655 W 37th Ave,Denver
,Denver
The Oriental Theater,Denver
4335 W 44th Ave,Denver
,Denver
Roxy Theatre,Denver
2549 Welton St,Denver
,Denver
Denver Museum of Nature & Science-IMAX,Denver
2001 Colorado Blvd,Denver
,Denver
Chez Artiste,Denver
4150 E Amherst Ave,Denver
,Denver
Starplex Cinemas Inc,Denver
7400 E Hampden Ave , Denver, CO 80231,Denver
,Denver
Rockies Cinema,Denver
7777 E Hampden Avenue,Denver
,Denver
Big Top Video,Denver
5580 Federal Blvd,Denver
,Denver
Regal Cinemas Green Hills Stadium 16 Movie Theater,Nashville
3815 Green Hills Village Dr,Nashville
,Nashville
REGAL OPRY MILLS STADIUM 20 IMAX & RPX,Nashville
570 Opry Mills Dr,Nashville
,Nashville
Regal Cinemas Hollywood 27 Movie Theater,Nashville
719 Thompson Ln,Nashville
,Nashville
Belcourt Theatre,Nashville
2102 Belcourt Ave,Nashville
,Nashville
Carmike Bellevue 8,Nashville
120 Belle Forest Cir,Nashville
,Nashville
Tennessee Repertory Theatre,Nashville
161 Rains Ave,Nashville
,Nashville
Act I,Nashville
1411 Eastland Ave,Nashville
,Nashville
People's Branch Theater,Nashville
800 4th Ave S,Nashville
,Nashville
Carl Tatz Design,Nashville
6666 Brookmont Terrace #1109,Nashville
,Nashville
Euphoria Theatre,Nashville
209 10th Ave S,Nashville
,Nashville
Aaatix.Com,Nashville
,Nashville
GroundWorks Theatre Inc,Nashville
4610 Charlotte Pike,Nashville
,Nashville
Theater Craft Inc,Nashville
2506 Timwood Drive,Nashville
,Nashville
Amun Ra Theatre,Nashville
2508 Clifton Ave,Nashville
,Nashville
Channel Nonfiction,Nashville
1116 Sharpe Ave,Nashville
,Nashville
ATL wrestling,Nashville
10 Interstate Highway, Suite 318,Nashville
,Nashville
Tennessee Women's Theater,Nashville
2301 Rosa L Parks Blvd,Nashville
,Nashville
Texas Troubadour Theatre,Nashville
2416 Music Valley Dr,Nashville
,Nashville
Circle Players Inc,Nashville
,Nashville
Carmike Hickory 8,Nashville
901 Bell Rd,Nashville
,Nashville
Landmark Theatres Harbor East,Baltimore
645 S President St,Baltimore
,Baltimore
Charles Theatre,Baltimore
1711 N Charles St,Baltimore
,Baltimore
The Senator Theatre,Baltimore
5904 York Rd,Baltimore
,Baltimore
Eastpoint 10 Cinemas,Baltimore
7938 Eastern Ave,Baltimore
,Baltimore
Black Cherry Puppet Theater,Baltimore
1115 Hollins St,Baltimore
,Baltimore
Autograph Playhouse,Baltimore
9 W 25th St,Baltimore
,Baltimore
KMI Entertainment Inc,Baltimore
110 S Broadway,Baltimore
,Baltimore
HACBox Theatre,Baltimore
Hamilton Ave,Baltimore
,Baltimore
Moviefone Inc,Baltimore
5500 Harford Rd,Baltimore
,Baltimore
GNC Movies & Access,Baltimore
5222 Reisterstown Rd,Baltimore
,Baltimore
Center International Theatre,Baltimore
901 Lenton Ave,Baltimore
,Baltimore
AMC Loews White Marsh 16,Baltimore
8141 Honeygo Blvd,Baltimore
,Baltimore
The Rotunda Shopping Center,Baltimore
711 W 40th St,Baltimore
,Baltimore
Beltway Movies,Baltimore
7660 Belair Rd,Baltimore
,Baltimore
R/C Hollywood Cinema 4,Baltimore
5509 Oregon Ave,Baltimore
,Baltimore
Hoyts Cinemas 14,Baltimore
1591 W Nursery Rd,Baltimore
,Baltimore
Cinemark Egyptian 24,Baltimore
7000 Arundel Mills Cir,Baltimore
,Baltimore
Bengies Drive-In Theatre,Baltimore
3417 Eastern Blvd,Baltimore
,Baltimore
Village 8 Theatres,Louisville
4014 Dutchmans Ln,Louisville
,Louisville
Stonybrook 20,Louisville
2745 S Hurstbourne Pkwy,Louisville
,Louisville
Cinemark Tinseltown USA,Louisville
4400 Towne Center Dr,Louisville
,Louisville
The Kentucky Center for the Performing Arts,Louisville
501 W Main St,Louisville
,Louisville
Rave Preston Crossing 16,Louisville
9700 Preston Crossing Blvd,Louisville
,Louisville
Muhammad Ali Center,Louisville
144 N 6th St,Louisville
,Louisville
Bunbury Theatre,Louisville
604 S 3rd St # 301,Louisville
,Louisville
KentuckyShow!,Louisville
501 W Main St,Louisville
,Louisville
W L Lyons Brown Theatre,Louisville
315 W Broadway,Louisville
,Louisville
Dixie Dozen Theater,Louisville
6801 Dixie Hwy #101,Louisville
,Louisville
The Alley Theater,Louisville
1205 E Washington St #120,Louisville
,Louisville
Memorial Auditorium,Louisville
970 S 4th St,Louisville
,Louisville
Who Dunnit Murder Mystery Theatre,Louisville
2907 Carlingford Dr,Louisville
,Louisville
Kentucky Science Center IMAX,Louisville
727 W Main St,Louisville
,Louisville
Spectrum,Louisville
911 S Brook St,Louisville
,Louisville
Great Escape Theatre- River Falls 12,Louisville
951 E Lewis and Clark Pkwy,Louisville
,Louisville
Living Room Theaters,Portland
341 SW 10th Ave,Portland
,Portland
Laurelhurst Theater,Portland
2735 E Burnside St,Portland
,Portland
Regal Cinemas Fox Tower Stadium 10 Movie Theater,Portland
846 SW Park Ave,Portland
,Portland
Cinema 21,Portland
616 NW 21st Ave,Portland
,Portland
Hollywood Theatre,Portland
4122 NE Sandy Blvd,Portland
,Portland
Academy Theater,Portland
7818 SE Stark St,Portland
,Portland
Aladdin Theater,Portland
3017 SE Milwaukie Ave,Portland
,Portland
McMenamins Mission Theater,Portland
1624 NW Glisan St,Portland
,Portland
Avalon Theatre,Portland
3451 SE Belmont St,Portland
,Portland
Roseway Theater,Portland
7229 NE Sandy Blvd,Portland
,Portland
OMSI Omnimax Theater,Portland
1945 SE Water Ave,Portland
,Portland
Clinton Street Theater,Portland
2522 SE Clinton St,Portland
,Portland
Northwest Film Center,Portland
934 SW Salmon St,Portland
,Portland
St Johns Twin Cinemas,Portland
8704 N Lombard St,Portland
,Portland
Fifth Avenue Cinema,Portland
510 SW Hall St,Portland
,Portland
Brody Theater,Portland
16 NW Broadway,Portland
,Portland
Century 16 Eastport Plaza,Portland
4040 SE 82nd Ave,Portland
,Portland
AMC Crossroads Mall 16,Oklahoma City
1211 E I-240 Service Rd,Oklahoma City
,Oklahoma City
AMC Quail Springs Mall 24,Oklahoma City
2501 W Memorial Rd,Oklahoma City
,Oklahoma City
Harkins Bricktown 16,Oklahoma City
150 E Reno Ave,Oklahoma City
,Oklahoma City
Cinemark Tinseltown USA,Oklahoma City
6001 N Martin Luther King Ave,Oklahoma City
,Oklahoma City
Warren Theatres,Oklahoma City
1000 S Telephone Rd,Oklahoma City
,Oklahoma City
Starplex Cinemas Crossroads Movies 8,Oklahoma City
7400 Pole Rd,Oklahoma City
,Oklahoma City
B & B Theatres Windsor 10,Oklahoma City
4623 NW 23rd St,Oklahoma City
,Oklahoma City
Winchester Drive In,Oklahoma City
6930 S Western Ave,Oklahoma City
,Oklahoma City
Carpenter Square Theatre,Oklahoma City
900 W Main St #100,Oklahoma City
,Oklahoma City
Blockbuster Express,Oklahoma City
5857 Northwest Expy,Oklahoma City
,Oklahoma City
AMC Penn Square 10,Oklahoma City
1901 Northwest Expy #2100,Oklahoma City
,Oklahoma City
The Paramount,Oklahoma City
7 N Lee Ave,Oklahoma City
,Oklahoma City
Movie Exchange,Oklahoma City
2850 NW 63rd St,Oklahoma City
,Oklahoma City
Artistic Theater Crafts Inc,Oklahoma City
3150 E Reno Ave,Oklahoma City
,Oklahoma City
NYC Productions,Oklahoma City
2201 NW 122nd St,Oklahoma City
,Oklahoma City
Marcus Southgate Cinema,Milwaukee
3330 S 30th St,Milwaukee
,Milwaukee
Oriental Landmark III Theatres,Milwaukee
2230 N Farwell Ave,Milwaukee
,Milwaukee
The Pabst Theater,Milwaukee
144 E Wells St,Milwaukee
,Milwaukee
The Milwaukee Theater,Milwaukee
500 W Kilbourn Ave,Milwaukee
,Milwaukee
AMC Mayfair Mall 18,Milwaukee
2500 N Mayfair Rd,Milwaukee
,Milwaukee
Fox Bay Cinema Grill,Milwaukee
334 E Silver Spring Dr,Milwaukee
,Milwaukee
Landmark Downer Theatre,Milwaukee
2589 N Downer Ave,Milwaukee
,Milwaukee
Rosebud Cinema Drafthouse,Milwaukee
6823 W North Ave,Milwaukee
,Milwaukee
Broadway Theatre Center,Milwaukee
158 N Broadway,Milwaukee
,Milwaukee
Humphrey IMAX Dome Theater,Milwaukee
800 W Wells St,Milwaukee
,Milwaukee
Budget South Cinemas,Milwaukee
4475 S 108th St,Milwaukee
,Milwaukee
Ipic Theatres,Milwaukee
5800 N Bayshore Dr,Milwaukee
,Milwaukee
Chudnow Museum of Yesteryear,Milwaukee
839 N 11th St,Milwaukee
,Milwaukee
Modjeska Community Theater,Milwaukee
1134 W Historic Mitchell St,Milwaukee
,Milwaukee
The Alchemist Theatre,Milwaukee
2569 S Kinnickinnic Ave,Milwaukee
,Milwaukee
Center Theatre Corporation,Milwaukee
214 W Wisconsin Ave,Milwaukee
,Milwaukee
Daniel M Soref Planetariums,Milwaukee
800 W Wells St,Milwaukee
,Milwaukee
Manifesto Del Cinema,Milwaukee
227 N Water St,Milwaukee
,Milwaukee
Fine Arts Cinema,Milwaukee
Mitchell Hall, B91, 3203 N Downer Ave,Milwaukee
,Milwaukee
Amc Town Square 18,Las Vegas
6587 S Las Vegas Blvd,Las Vegas
,Las Vegas
United Artists Showcase Theatre 8 Movie Theater,Las Vegas
3769 S Las Vegas Blvd,Las Vegas
,Las Vegas
Brenden Theater,Las Vegas
4321 W Flamingo Rd,Las Vegas
,Las Vegas
Tropicana Cinemas,Las Vegas
3330 E Tropicana Ave,Las Vegas
,Las Vegas
Cinemark 16 Santa Fe Station,Las Vegas
4949 N Rancho Dr,Las Vegas
,Las Vegas
AMC Rainbow Promenade 10,Las Vegas
2321 N Rainbow Blvd,Las Vegas
,Las Vegas
Century Orleans 18 Movie Theater at Orleans Casino,Las Vegas
4500 W Tropicana Ave,Las Vegas
,Las Vegas
Sam's Town Cinemark,Las Vegas
5111 Boulder Hwy,Las Vegas
,Las Vegas
Century 16 Suncoast,Las Vegas
9090 Alta Dr,Las Vegas
,Las Vegas
Giordano Theatre,Las Vegas
3200 S Las Vegas Blvd #3000,Las Vegas
,Las Vegas
The Flick Chicks,Las Vegas
3033 Plaza St,Las Vegas
,Las Vegas
Cinemark Orleans 18,Las Vegas
4500 W Tropicana Ave,Las Vegas
,Las Vegas
Believe Theatre,Las Vegas
3900 S Las Vegas Blvd,Las Vegas
,Las Vegas
theatre7,Las Vegas
1406 S 3rd St,Las Vegas
,Las Vegas
The Orleans Hotel & Casino,Las Vegas
4500 W Tropicana Ave,Las Vegas
,Las Vegas
Cinemark Movies 8,Albuquerque
4591 San Mateo Blvd NE,Albuquerque
,Albuquerque
Kimo Theatre,Albuquerque
423 Central Ave NW,Albuquerque
,Albuquerque
United Artists Cottonwood Stadium 16 Movie Theater,Albuquerque
10000 Coors Bypass NW,Albuquerque
,Albuquerque
New Mexico Museum of Natural History and Science,Albuquerque
1801 Mountain Rd NW,Albuquerque
,Albuquerque
Guild Cinema,Albuquerque
3405 Central Ave NE,Albuquerque
,Albuquerque
Sunshine Theater,Albuquerque
120 Central Ave SW,Albuquerque
,Albuquerque
Aux Dog Theatre,Albuquerque
3011 Monte Vista Blvd NE,Albuquerque
,Albuquerque
North Fourth Theater,Albuquerque
4904 4th St NW,Albuquerque
,Albuquerque
United Artists Four Hills Theatre 10 Movie Theater,Albuquerque
13120 Central Ave SE,Albuquerque
,Albuquerque
Pussycat Video,Albuquerque
7901 Central Ave NE,Albuquerque
,Albuquerque
ReelzChannel,Albuquerque
5650 University Blvd SE,Albuquerque
,Albuquerque
Closet Cinema,Albuquerque
1807 Gabaldon Dr NW,Albuquerque
,Albuquerque
Theater Townhomes,Albuquerque
1900 Central Ave SW,Albuquerque
,Albuquerque
United Artists Theatres,Albuquerque
13160 Central Ave SE,Albuquerque
,Albuquerque
AMC Foothills 15,Tucson
7401 N La Cholla Blvd #144,Tucson
,Tucson
Harkins Theatres Tucson Spectrum 18,Tucson
5455 S Calle Santa Cruz,Tucson
,Tucson
Grand Cinemas Crossroads 6 and Reel Arts 6,Tucson
4811 E Grant Rd #150,Tucson
,Tucson
Loft Cinema Office,Tucson
1103 N Camilla Blvd,Tucson
,Tucson
Century Park Place 20 and XD,Tucson
5870 E Broadway Blvd,Tucson
,Tucson
The Loft Cinema,Tucson
3233 E Speedway Blvd,Tucson
,Tucson
Fox Tucson Theatre,Tucson
17 W Congress St,Tucson
,Tucson
Davis Monthan Base Theater,Tucson
3655 S Craycroft Rd,Tucson
,Tucson
Century 20 El Con and XD,Tucson
3601 E Broadway Blvd,Tucson
,Tucson
The Screening Room,Tucson
127 E Congress St,Tucson
,Tucson
Foothills Cinemas-Cineplex Odn,Tucson
7401 N La Cholla Blvd,Tucson
,Tucson
Broadway In Tucson,Tucson
100 N Stone Ave,Tucson
,Tucson
Fox Tucson Theatre: Main Box Office,Tucson
30 N Church Ave,Tucson
,Tucson
Blockbuster Express,Tucson
5548 E Grant Rd,Tucson
,Tucson
Sonora Theatre Works,Tucson
210 W 5th St # 2,Tucson
,Tucson
Century Theatres,Tucson
12155 N Oracle Rd,Tucson
,Tucson
Edwards Theaters Fresno Stadium 22 IMAX Movie Theater,Fresno
250 E Paseo Del Centro,Fresno
,Fresno
Regal Cinemas Manchester Stadium 16 Movie Theater,Fresno
2055 E Shields Ave,Fresno
,Fresno
The Tower Theatre,Fresno
815 E Olive Ave,Fresno
,Fresno
Azteca Theater,Fresno
838 F St,Fresno
,Fresno
The Crest Theatre,Fresno
1170 Broadway Plz , Fresno, CA 93721,Fresno
,Fresno
United Artists Broadway Faire Stadium 10 Movie Theater,Fresno
3351 W Shaw Ave,Fresno
,Fresno
Warner Pacific,Fresno
7075 N Howard St,Fresno
,Fresno
California Opera Association,Fresno
,Fresno
Sierra Vista Cinemas 16,Fresno
1300 Shaw Ave,Fresno
,Fresno
United Artists Clovis Towne Center 8 Movie Theater,Fresno
2301 Villa Ave,Fresno
,Fresno
Selma 6 Cinemas,Fresno
2705 Cinema Way,Fresno
,Fresno
Madera Drive In Theatre,Fresno
201 E Lincoln Ave,Fresno
,Fresno
Platinum Theatres,Fresno
250 S M St,Fresno
,Fresno
Lemoore Stadium Cinemas,Fresno
400 Follett St,Fresno
,Fresno
Cinemark Movies 8,Fresno
1669 W Lacey Blvd,Fresno
,Fresno
Metro 4 Cinema,Fresno
123 E 7th St,Fresno
,Fresno
Movies Madera,Fresno
1140 N Gateway Dr,Fresno
,Fresno
Cal-Gran Theater,Fresno
1140 N Gateway Dr,Fresno
,Fresno
Visalia Fox Theater,Fresno
308 W Main St,Fresno
,Fresno
Met Cinema,Fresno
40015 California 49,Fresno
,Fresno
Century Stadium 14,Sacramento
1590 Ethan Way,Sacramento
,Sacramento
Esquire IMAX Theatre,Sacramento
1211 K St,Sacramento
,Sacramento
Regal Natomas Marketplace Stadium 16,Sacramento
3561 Truxel Rd,Sacramento
,Sacramento
Crest Theatre,Sacramento
1013 K St,Sacramento
,Sacramento
The Tower Theatre,Sacramento
2508 Land Park Dr,Sacramento
,Sacramento
Sacramento 6 Drive In,Sacramento
9616 Oates Dr,Sacramento
,Sacramento
Century Theaters,Sacramento
6233 Garfield Ave,Sacramento
,Sacramento
The Colonial Theatre,Sacramento
3522 Stockton Blvd,Sacramento
,Sacramento
The Guild Theater,Sacramento
2828 35th St,Sacramento
,Sacramento
Sacramento Downtown Plaza,Sacramento
547 L St,Sacramento
,Sacramento
The Home Theater Co.,Sacramento
8178 Belvedere Ave,Sacramento
,Sacramento
Aol Moviefone,Sacramento
1414 K St,Sacramento
,Sacramento
Blockbuster Express,Sacramento
1025 Alhambra Blvd,Sacramento
,Sacramento
Theater For Children,Sacramento
200 27th St,Sacramento
,Sacramento
B Street Theatre,Sacramento
2711 B St,Sacramento
,Sacramento
Sacramentocomedy.Com,Sacramento
1391 H St,Sacramento
,Sacramento
Redbox,Sacramento
5600 Folsom Blvd,Sacramento
,Sacramento
Sacramento Theatre Company,Sacramento
,Sacramento
AMC Marina Pacifica 12,Long Beach
6346 E Pacific Coast Hwy,Long Beach
,Long Beach
Cinemark At the Pike,Long Beach
99 S Pine Ave,Long Beach
,Long Beach
Art Theatre,Long Beach
2025 E 4th St,Long Beach
,Long Beach
UA Long Beach 6,Long Beach
6601 E Pacific Coast Hwy,Long Beach
,Long Beach
Cinema Aircraft,Long Beach
4301 E Donald Douglas Dr,Long Beach
,Long Beach
Grande Vista Productions Inc,Long Beach
3549 Olive Ave,Long Beach
,Long Beach
Edwards Long Beach Stadium 26 & IMAX,Long Beach
7501 Carson St,Long Beach
,Long Beach
Bay Theatre,Long Beach
340 Main St,Long Beach
,Long Beach
Pacific Theatres Lakewood Center,Long Beach
5200 Faculty Ave,Long Beach
,Long Beach
Starlight Terrace Cinemas,Long Beach
28901 S Western Ave,Long Beach
,Long Beach
4 Star Cinemas,Long Beach
12111 Valley View St,Long Beach
,Long Beach
AMC Rolling Hills 20,Long Beach
2591 Airport Dr,Long Beach
,Long Beach
Charter Centre Cinemas,Long Beach
7822 Warner Ave,Long Beach
,Long Beach
Warner Grand Theatre,Long Beach
478 W 6th St,Long Beach
,Long Beach
Bianchi Theatres,Long Beach
7770 Rosecrans Ave,Long Beach
,Long Beach
Gardena Cinema,Long Beach
14948 Crenshaw Blvd,Long Beach
,Long Beach
Krikorian Premiere Theatres,Long Beach
8200 3rd St,Long Beach
,Long Beach
Blockbuster Express,Long Beach
4001 Hardwick St,Long Beach
,Long Beach
AMC - Del Amo 18,Long Beach
3525 W Carson St,Long Beach
,Long Beach
Alamo Drafthouse Mainstreet,Kansas City
1400 Main St,Kansas City
,Kansas City
AMC BarryWoods 24,Kansas City
8101 NW Roanridge Rd,Kansas City
,Kansas City
Screenland Armour Theatre,Kansas City
408 Armour Rd,Kansas City
,Kansas City
Cinemark Palace At the Plaza,Kansas City
526 Nichols Rd,Kansas City
,Kansas City
Northglen 14 Theatre,Kansas City
4900 NE 80th St,Kansas City
,Kansas City
Tivoli Cinemas,Kansas City
4050 Pennsylvania Ave,Kansas City
,Kansas City
Kansas City Convention Center,Kansas City
301 W 13th St #100,Kansas City
,Kansas City
AMC Ward Parkway 14,Kansas City
8600 Ward Pkwy,Kansas City
,Kansas City
Regal Cinemas Kansas City Stadium 18 Movie Theater,Kansas City
3200 Ameristar Dr,Kansas City
,Kansas City
Macabre Cinema Haunted House,Kansas City
1222 W 12th St,Kansas City
,Kansas City
I-70 Drive-In,Kansas City
8701 East U.S. 40,Kansas City
,Kansas City
Ward Parkway Center,Kansas City
8600 Ward Pkwy,Kansas City
,Kansas City
Full Moon Productions,Kansas City
1401 W 13th St,Kansas City
,Kansas City
Kansas City Power And Light District,Kansas City
1100 Walnut St #3000,Kansas City
,Kansas City
Helen F. Spencer Theater,Kansas City
4949 Cherry St,Kansas City
,Kansas City
American Multi Cinema Inc,Kansas City
920 Main St # 1700,Kansas City
,Kansas City
Red Bridge Shopping Center,Kansas City
11212 Holmes Rd,Kansas City
,Kansas City
UMKC Theatre,Kansas City
4501 Genessee St,Kansas City
,Kansas City
Gladstone Amphitheater,Kansas City
7656 N Troost Ave,Kansas City
,Kansas City
Harkins Superstition Spring 25,Mesa
6950 Superstition Springs Blvd,Mesa
,Mesa
Gateway 12 IMAX Theatre,Mesa
1935 S Signal Butte Rd,Mesa
,Mesa
AMC Mesa Grand 24,Mesa
1645 S Stapley Dr,Mesa
,Mesa
Cinemark,Mesa
1051 N. Dobson Road,Mesa
,Mesa
Picture Show Superstition Springs,Mesa
6555 E Southern Ave #1002,Mesa
,Mesa
Pollack Tempe Cinemas,Mesa
1825 E Elliot Rd,Mesa
,Mesa
AMC Lynnhaven 18,Virginia Beach
1001 Lynnhaven Mall Loop,Virginia Beach
,Virginia Beach
Regal Cinemas Columbus Stadium 12 Movie Theater,Virginia Beach
104 Constitution Dr,Virginia Beach
,Virginia Beach
Cinema Cafe,Virginia Beach
758 Independence Blvd,Virginia Beach
,Virginia Beach
Beach Movie Bistro,Virginia Beach
941 Laskin Rd,Virginia Beach
,Virginia Beach
Blockbuster Express,Virginia Beach
1869 Kempsville Rd,Virginia Beach
,Virginia Beach
Dominion Theater,Virginia Beach
5641 Indian River Rd,Virginia Beach
,Virginia Beach
Collective Arts Theatre,Virginia Beach
280 Virginia Beach Blvd,Virginia Beach
,Virginia Beach
Automated Money Machine,Virginia Beach
1000 24th St,Virginia Beach
,Virginia Beach
Cinemark Military Circle Mall,Virginia Beach
880 N Military Hwy,Virginia Beach
,Virginia Beach
Naro Expanded Cinema,Virginia Beach
1507 Colley Ave,Virginia Beach
,Virginia Beach
The Commodore Theatre,Virginia Beach
421 High St,Virginia Beach
,Virginia Beach
Generic Theater,Virginia Beach
215 St Pauls Blvd,Virginia Beach
,Virginia Beach
Virginia Air & Space Center,Virginia Beach
600 Settlers Landing Rd,Virginia Beach
,Virginia Beach
Big Cinemas Main Gate 10,Virginia Beach
1500 Mall Dr,Virginia Beach
,Virginia Beach
Cinema Cafe,Virginia Beach
1401 Greenbrier Pkwy,Virginia Beach
,Virginia Beach
Cinemark Chesapeake Square,Virginia Beach
2413 Chesapeake Square Ring Rd,Virginia Beach
,Virginia Beach
AMC Phipps Plaza 14,Atlanta
3500 Peachtree Rd NE,Atlanta
,Atlanta
Landmark Midtown Art Cinema,Atlanta
931 Monroe Dr NE C212,Atlanta
,Atlanta
Plaza Theatre,Atlanta
1049 Ponce De Leon Ave NE,Atlanta
,Atlanta
Regal Cinemas Atlantic Station Stadium 16 IMAX Movie Theater,Atlanta
261 19th St NW #1250,Atlanta
,Atlanta
The Fox Theatre,Atlanta
660 Peachtree St NE,Atlanta
,Atlanta
Starlight Six Drive-In Theatre,Atlanta
2000 Moreland Ave SE,Atlanta
,Atlanta
AMC Parkway Pointe 15,Atlanta
3101 Cobb Pkwy SE #201,Atlanta
,Atlanta
Movies ATL,Atlanta
3760 Princeton Pkwy SW,Atlanta
,Atlanta
United Artists Tara Cinemas 4 Movie Theater,Atlanta
2345 Cheshire Bridge Rd,Atlanta
,Atlanta
AMC Fork & Screen Buckhead,Atlanta
3340 Peachtree Rd NE,Atlanta
,Atlanta
7 Stages Theatre,Atlanta
1105 Euclid Ave NE,Atlanta
,Atlanta
Horizon Theatre,Atlanta
1083 Austin Ave NE,Atlanta
,Atlanta
Atlanta Symphony Orchestra,Atlanta
1280 Peachtree St NE,Atlanta
,Atlanta
CinéBistro at Town Brookhaven,Atlanta
1004 Town Blvd,Atlanta
,Atlanta
Lefont Theaters,Atlanta
5920 Roswell Rd C-103,Atlanta
,Atlanta
14th Street Playhouse,Atlanta
1280 Peachtree St NE,Atlanta
,Atlanta
Fernbank Museum of Natural History IMAX,Atlanta
767 Clifton Rd NE,Atlanta
,Atlanta
Theatre Gael,Atlanta
1401 Peachtree St NE,Atlanta
,Atlanta
Ansley Park Playhouse,Atlanta
1545 Peachtree St NE #102,Atlanta
,Atlanta
The Picture Show at Citadel Crossing,Colorado Springs
901 N Academy Blvd,Colorado Springs
,Colorado Springs
Cinemark Carefree Circle And IMAX,Colorado Springs
3305 Cinema Point,Colorado Springs
,Colorado Springs
New Eros Newsstand & Theater,Colorado Springs
519 S Tejon St,Colorado Springs
,Colorado Springs
Hollywood Theater Interquest Stadium 14,Colorado Springs
11250 Rampart Hills View,Colorado Springs
,Colorado Springs
Carmike 10,Colorado Springs
1550 Pulsar Dr,Colorado Springs
,Colorado Springs
Doug Stevenson's Story Theater International,Colorado Springs
2504 Shalimar Dr,Colorado Springs
,Colorado Springs
Hollywood Theaters - Interquest Stadium 14,Colorado Springs
1120 InterQuest Pkwy,Colorado Springs
,Colorado Springs
225 Coffee Shop and Venue,Colorado Springs
225 N Weber St,Colorado Springs
,Colorado Springs
Ambassador Adult Cinema,Colorado Springs
227 Bonfoy Ave,Colorado Springs
,Colorado Springs
Blockbuster Express,Colorado Springs
3275 W Colorado Ave,Colorado Springs
,Colorado Springs
Mc Mahon & Rewind Theatre,Colorado Springs
1517 Mcdonald St,Colorado Springs
,Colorado Springs
Kimball's Peak Three Theater,Colorado Springs
,Colorado Springs
Gold Hill Theatres III,Colorado Springs
615 Midland Ave,Colorado Springs
,Colorado Springs
Theater,Colorado Springs
,Colorado Springs
Raleigh Grande,Raleigh
4840 Grove Barton Rd,Raleigh
,Raleigh
Regal Cinemas North Hills Stadium 14 Movie Theater,Raleigh
4150 Main at North Hills St,Raleigh
,Raleigh
Carmike Cinemas Blue Ridge 14 Theater,Raleigh
600 Blue Ridge Rd,Raleigh
,Raleigh
Rialto Theatre,Raleigh
1620 Glenwood Ave,Raleigh
,Raleigh
Marquee Cinemas,Raleigh
10600 Common Oaks Dr,Raleigh
,Raleigh
Six Forks Cinema,Raleigh
9500 Forum Dr,Raleigh
,Raleigh
Raleighwood Cinema Grill,Raleigh
6609 Falls of Neuse Rd,Raleigh
,Raleigh
Wells Fargo IMAX Theatre at Marbles,Raleigh
201 E Hargett St,Raleigh
,Raleigh
Carmike 15,Raleigh
5501 Atlantic Springs Rd,Raleigh
,Raleigh
Ambassador Entertainment,Raleigh
1620 Glenwood Ave,Raleigh
,Raleigh
North Carolina Theater: Conservatory,Raleigh
3043 Barrow Dr,Raleigh
,Raleigh
Raleigh Little Theatre,Raleigh
301 Pogue St,Raleigh
,Raleigh
The Justice Theater Project,Raleigh
9650 Strickland Rd,Raleigh
,Raleigh
Blockbuster Express,Raleigh
5426 Six Forks Rd,Raleigh
,Raleigh
Theatre Raleigh,Raleigh
2 E South St,Raleigh
,Raleigh
Witherspoon Student Cinema,Raleigh
2610 Cates Ave #2810,Raleigh
,Raleigh
AMC Oakview Plaza 24,Omaha
3555 S 140th Plaza,Omaha
,Omaha
Aksarben,Omaha
2110 S 67th St #106,Omaha
,Omaha
Westwood Cinemas,Omaha
2809 S 125th Ave # 297,Omaha
,Omaha
Marcus Midtown Cinema,Omaha
3201 Farnam St,Omaha
,Omaha
REGAL OMAHA STADIUM 16,Omaha
7440 Crown Point Ave,Omaha
,Omaha
Film Streams,Omaha
1340 Mike Fahey St,Omaha
,Omaha
Village Pointe Cinema,Omaha
304 N 174th St,Omaha
,Omaha
Dundee Theatre,Omaha
4952 Dodge St,Omaha
,Omaha
Lozier IMAX Theater,Omaha
3701 S 10th St,Omaha
,Omaha
John Beasley Theater & Workshop,Omaha
3010 Q St,Omaha
,Omaha
AMC Theater,Omaha
10000 California St,Omaha
,Omaha
C & A Home Theater Installs,Omaha
7806 N 107th St,Omaha
,Omaha
Majestic Cinema Omaha,Omaha
14304 W Maple Rd,Omaha
,Omaha
Omaha Orpheum Theatre,Omaha
1200 Douglas St,Omaha
,Omaha
AMC Council Bluffs 17,Omaha
3220 23rd Ave,Omaha
,Omaha
Star Cinema 16 and Imax,Omaha
3220 S 23rd St,Omaha
,Omaha
Sumtur Ampitheater,Omaha
11691 S 108th St,Omaha
,Omaha
Paragon Grove 13,Miami
3015 Grand Ave # 322,Miami
,Miami
AMC Sunset Place 24,Miami
5701 Sunset Dr,Miami
,Miami
Regal Cinemas South Beach Stadium 18 Movie Theater,Miami
1120 Lincoln Rd,Miami
,Miami
Tower Theater,Miami
1508 SW 8th St,Miami
,Miami
Coral Gables Art Cinema,Miami
260 Aragon Ave,Miami
,Miami
O Cinema Wynwood,Miami
90 NW 29th St,Miami
,Miami
Le Jeune Cinema 6,Miami
782 NW 42nd Ave #3,Miami
,Miami
CineBistro,Miami
11471 NW 12th St,Miami
,Miami
AMC Aventura 24,Miami
19501 Biscayne Blvd,Miami
,Miami
Just The Funny,Miami
3119 Coral Way,Miami
,Miami
Miami Beach Cinematheque,Miami
1130 Washington Ave,Miami
,Miami
Intracoastal Cinema,Miami
3701 NE 163rd St,Miami
,Miami
Roxy Performing Arts Center,Miami
1645 SW 107th Ave,Miami
,Miami
Jerry Herman Ring Theatre,Miami
1312 Miller Dr,Miami
,Miami
Teatro Avante,Miami
744 SW 8th St,Miami
,Miami
Fantasy Theatre Factory,Miami
,Miami
Byron Carlyle,Miami
500 71st St,Miami
,Miami
Landmark Piedmont Cinema,Oakland
4186 Piedmont Ave,Oakland
,Oakland
Grand Lake Theater,Oakland
3200 Grand Ave,Oakland
,Oakland
Regal Jack London Stadium 9,Oakland
100 Washington St,Oakland
,Oakland
The Paramount Theatre,Oakland
2025 Broadway,Oakland
,Oakland
The New Parkway Theater,Oakland
474 24th St,Oakland
,Oakland
Berkley Repertory Theater,Oakland
1111 8th St,Oakland
,Oakland
Alameda Theatre & Cineplex,Oakland
2317 Central Ave,Oakland
,Oakland
AMC Bay Street 16,Oakland
5614 Bay St,Oakland
,Oakland
Rialto Cinemas Elmwood,Oakland
2966 College Ave,Oakland
,Oakland
Rhythmix Cultural Works,Oakland
2513 Blanding Ave,Oakland
,Oakland
Landmark Shattuck Cinema,Oakland
2230 Shattuck Ave,Oakland
,Oakland
Yerba Buena Center for the Arts,Oakland
701 Mission St,Oakland
,Oakland
Berkeley Repertory Theatre,Oakland
2025 Addison St,Oakland
,Oakland
The American Conservatory Theater,Oakland
415 Geary St,Oakland
,Oakland
Century San Francisco Centre 9 and XD,Oakland
845 Market St #500,Oakland
,Oakland
The Castro Theatre,Oakland
429 Castro St,Oakland
,Oakland
Victoria Theatre,Oakland
2961 16th St,Oakland
,Oakland
AMC Theatres - Southroads 20,Tulsa
4923 E 41st St,Tulsa
,Tulsa
Cinemark,Tulsa
10802 E 71st St,Tulsa
,Tulsa
Circle Cinema,Tulsa
10 S Lewis Ave,Tulsa
,Tulsa
Dickinson Starworld 20 Theatre,Tulsa
10301 S Memorial Dr,Tulsa
,Tulsa
The Admiral Twin Drive-In,Tulsa
7355 E Easton St,Tulsa
,Tulsa
Hollywood Theaters Palace 12,Tulsa
4107 S Yale Ave,Tulsa
,Tulsa
Cinemark Movies 8,Tulsa
6808 S Memorial Dr,Tulsa
,Tulsa
Viastream Media Corporation,Tulsa
601 S Boulder Ave,Tulsa
,Tulsa
Blockbuster Express,Tulsa
7103 S 92nd E Ave,Tulsa
,Tulsa
28 Movie,Tulsa
8421 E 61st St , Tulsa, OK 74133,Tulsa
,Tulsa
MyTulsaCoupons,Tulsa
8401 E 99th St,Tulsa
,Tulsa
Encore Theatre Arts,Tulsa
1302 E 15th St,Tulsa
,Tulsa
Cinemark Cinema 8,Tulsa
1112 E Charles Page Blvd,Tulsa
,Tulsa
Eton Square,Tulsa
,Tulsa
Sapulpa Cinema 8,Tulsa
1245 New Sapulpa Rd,Tulsa
,Tulsa
Owasso 12,Tulsa
12601 East 86th St N,Tulsa
,Tulsa
Broken Arrow Community Playhouse,Tulsa
1800 S Main St,Tulsa
,Tulsa
Landmark Theatres Lagoon Cinema,Minneapolis
1320 Lagoon Ave,Minneapolis
,Minneapolis
Uptown Theatre,Minneapolis
2906 Hennepin Ave,Minneapolis
,Minneapolis
St. Anthony Main Theatre,Minneapolis
115 SE Main St,Minneapolis
,Minneapolis
Showplace ICON Theatre,Minneapolis
1625 West End Blvd,Minneapolis
,Minneapolis
Riverview Theater,Minneapolis
3800 42nd Ave S,Minneapolis
,Minneapolis
The Parkway Theater,Minneapolis
4814 Chicago Ave S,Minneapolis
,Minneapolis
Heights Theatre,Minneapolis
3951 Central Ave NE,Minneapolis
,Minneapolis
Regal Brooklyn Center 20,Minneapolis
6420 Camden Ave N,Minneapolis
,Minneapolis
Willow Creek 12 Theatre,Minneapolis
9900 Shelard Pkwy,Minneapolis
,Minneapolis
The Film Society of Minneapolis St. Paul,Minneapolis
125 SE Main St,Minneapolis
,Minneapolis
AMC Southdale 16,Minneapolis
400 Southdale Ctr,Minneapolis
,Minneapolis
New Century Theatre,Minneapolis
615 Hennepin Ave #145,Minneapolis
,Minneapolis
St Louis Park Cinema 6,Minneapolis
5400 Excelsior Blvd,Minneapolis
,Minneapolis
Kerasotes,Minneapolis
1625 West End Blvd,Minneapolis
,Minneapolis
Lab Theater,Minneapolis
700 N 1st St,Minneapolis
,Minneapolis
The Ritz Theater,Minneapolis
345 13th Ave NE,Minneapolis
,Minneapolis
New Hope Cinema Grill,Minneapolis
2749 Winnetka Ave N,Minneapolis
,Minneapolis
The Trylon microcinema,Minneapolis
3258 Minnehaha Ave,Minneapolis
,Minneapolis
Bedlam Theatre,Minneapolis
2712 E 27th St,Minneapolis
,Minneapolis
Rarig Center,Minneapolis
330 21st Ave S,Minneapolis
,Minneapolis
Tower City Cinemas,Cleveland
230 W Huron Rd #7256,Cleveland
,Cleveland
Cedar Lee Theatre,Cleveland
2163 Lee Rd,Cleveland
,Cleveland
Shaker Square Cinemas,Cleveland
13116 Shaker Square,Cleveland
,Cleveland
Capitol Theatre,Cleveland
1390 W 65th St,Cleveland
,Cleveland
Cinemark USA, Inc.,Cleveland
6001 Canal Rd,Cleveland
,Cleveland
State Theatre,Cleveland
1519 Euclid Ave,Cleveland
,Cleveland
OMNIMAX Theater,Cleveland
601 Erieside Ave,Cleveland
,Cleveland
Regal Cinemas Severance Town Center Stadium 14 Movie Theater,Cleveland
3492 Mayfield Rd,Cleveland
,Cleveland
AMC Ridge Park Square Cinema 8,Cleveland
4788 Ridge Rd,Cleveland
,Cleveland
Regal Richmond Town Center Stadium 20,Cleveland
631 Richmond Rd,Cleveland
,Cleveland
Cleveland Cinematheque,Cleveland
11141 East Blvd,Cleveland
,Cleveland
Cleveland Play House,Cleveland
1901 E 13th St #200,Cleveland
,Cleveland
Great Lakes Theater,Cleveland
2067 E 14th St,Cleveland
,Cleveland
Cleveland Film Society,Cleveland
2510 Market Ave,Cleveland
,Cleveland
14th Street Theatre at PlayhouseSquare,Cleveland
1501 E 14th St,Cleveland
,Cleveland
General Cinema Theatres,Cleveland
4788 Ridge Rd,Cleveland
,Cleveland
Great Lakes Science Center,Cleveland
601 Erieside Ave,Cleveland
,Cleveland
Regal Cinemas Middleburg Town Square 16 Movie Theater,Cleveland
18348 Bagley Rd,Cleveland
,Cleveland
Allen Theatre,Cleveland
1407 Euclid Ave,Cleveland
,Cleveland
DVD in a Box, LLC,Cleveland
1278 W 9th St,Cleveland
,Cleveland
Warren Theatres,Wichita
11611 East 13th St N,Wichita
,Wichita
Palace Theatre,Wichita
535 S Ridge Cir,Wichita
,Wichita
Warren Old Town Theatre Grille,Wichita
353 N Mead St,Wichita
,Wichita
Starlite Drive-In Theatre,Wichita
3900 S Hydraulic St,Wichita
,Wichita
Exploration Place,Wichita
300 N McLean Blvd,Wichita
,Wichita
Murdock Theatre,Wichita
536 N Broadway St,Wichita
,Wichita
Warren Theatres,Wichita
4600 W Kellogg Ave,Wichita
,Wichita
Circle Cinema,Wichita
2570 S Seneca St,Wichita
,Wichita
X Citement Video,Wichita
3909 W Pawnee St,Wichita
,Wichita
Wichita Film Festivals Inc,Wichita
536 N Broadway St,Wichita
,Wichita
Blacktop Nationals,Wichita
230 N Mosley,Wichita
,Wichita
Warren Theatres,Wichita
9150 West 21st St N,Wichita
,Wichita
Royale Theatres Corporation,Wichita
9035 W Central Ave,Wichita
,Wichita
Derby Plaza Theaters,Wichita
1300 N Nelson Dr,Wichita
,Wichita
Augusta Historic Theatre,Wichita
523 State St,Wichita
,Wichita
Studio Movie Grill,Arlington
225 Merchants Row,Arlington
,Arlington
AMC The Parks At Arlington 18,Arlington
3861 S Cooper St,Arlington
,Arlington
Movie Tavern at Green Oaks,Arlington
5727 Interstate 20 Frontage Rd,Arlington
,Arlington
Cinemark Tinseltown USA,Arlington
2815 E Division St,Arlington
,Arlington
Blockbuster Express,Arlington
5601 S Cooper St,Arlington
,Arlington
Spotlight Co,Arlington
8223 Tombstone Dr,Arlington
,Arlington
Movie Tavern,Arlington
2404 Airport Fwy,Arlington
,Arlington
Irving Cinemas 10,Arlington
4205 W Pioneer Dr,Arlington
,Arlington
Rave Motion Pictures,Arlington
1101 Melbourne Rd,Arlington
,Arlington
United Artists Grand Prairie 10 Movie Theater,Arlington
510 Westchester Pkwy,Arlington
,Arlington
Verizon Theatre At Grand Prairie,Arlington
1001 Performance Pl,Arlington
,Arlington
Colleyville Cinema Grille,Arlington
5655 Colleyville Blvd,Arlington
,Arlington
Universal Cinema Services Inc,Arlington
1010 W Euless Blvd,Arlington
,Arlington
AMC Irving Mall 14,Arlington
2433 Irving Mall,Arlington
,Arlington
Texas Theatre,Arlington
231 W Jefferson Blvd,Arlington
,Arlington
Jubilee Theatre,Arlington
506 Main St,Arlington
,Arlington
Southern Theaters Corporation Office,New Orleans
305 Baronne St,New Orleans
,New Orleans
Prytania Theatre,New Orleans
5339 Prytania St,New Orleans
,New Orleans
AMC Elmwood Palace 20,New Orleans
1200 Elmwood Park Blvd,New Orleans
,New Orleans
The Joy Theater,New Orleans
1200 Canal St,New Orleans
,New Orleans
Le Petit Theatre du Vieux Carre,New Orleans
616 St Peter St,New Orleans
,New Orleans
Canal Place Theatre,New Orleans
333 Canal St,New Orleans
,New Orleans
Entergy IMAX® Theatre,New Orleans
1 Canal St,New Orleans
,New Orleans
Fine Arts Theatre,New Orleans
1733 Constantinople St,New Orleans
,New Orleans
New Orleans Ballet Theatre,New Orleans
900 Camp St,New Orleans
,New Orleans
The National WWII Museum,New Orleans
945 Magazine St,New Orleans
,New Orleans
Anthony Bean Community Theater & Acting School,New Orleans
1333 S Carrollton Ave,New Orleans
,New Orleans
Blockbuster Express,New Orleans
1926 Newton St,New Orleans
,New Orleans
Victory Theater,New Orleans
945 Magazine St,New Orleans
,New Orleans
Mid-City Theatre,New Orleans
3540 Toulouse St,New Orleans
,New Orleans
Funky Nola LLC,New Orleans
1700 N Broad St,New Orleans
,New Orleans
The Theatres at Canal Place,New Orleans
333 Canal St,New Orleans
,New Orleans
AMC Westbank Palace 16,New Orleans
1151 Manhattan Blvd,New Orleans
,New Orleans
AMC Clearview Palace 12,New Orleans
4486 Veterans Memorial Blvd,New Orleans
,New Orleans
Chalmette Movies,New Orleans
8700 W Judge Perez Dr,New Orleans
,New Orleans
Starplex Bakersfield Movies 6,Bakersfield
4200 California Ave,Bakersfield
,Bakersfield
Regency Theatres,Bakersfield
3100 Mall View Rd,Bakersfield
,Bakersfield
Maya Bakersfield 16,Bakersfield
1000 California Ave,Bakersfield
,Bakersfield
Edwards Theaters Bakersfield Stadium 14 Movie Theater,Bakersfield
9000 Ming Ave,Bakersfield
,Bakersfield
Reading Cinemas Valley Plaza 16,Bakersfield
2000 Wible Rd,Bakersfield
,Bakersfield
Fox Theater,Bakersfield
2001 H St,Bakersfield
,Bakersfield
GTR Logistic Inc,Bakersfield
514 Belle Terrace,Bakersfield
,Bakersfield
The Empty Space,Bakersfield
706 Oak St,Bakersfield
,Bakersfield
Gaslight Melodrama Theatre & Music Hall,Bakersfield
12748 Jomani Dr,Bakersfield
,Bakersfield
AMC Veterans 24,Tampa
9302 Anderson Rd,Tampa
,Tampa
AMC West Shore 14,Tampa
210 Westshore Plaza,Tampa
,Tampa
Muvico Centro Ybor 20,Tampa
1600 E 8th Ave,Tampa
,Tampa
Muvico Starlight 20,Tampa
18002 Highwoods Preserve Pkwy,Tampa
,Tampa
Tampa Theatre,Tampa
711 N Franklin St,Tampa
,Tampa
CinéBistro at Hyde Park Village,Tampa
1609 W Swann Ave,Tampa
,Tampa
Fun Lan Drive In Theatre,Tampa
2302 E Hillsborough Ave,Tampa
,Tampa
Regal Cinemas Citrus Park Stadium 20 Movie Theater,Tampa
7999 Citrus Park Town Center Mall,Tampa
,Tampa
Take 2 Lounge-Tampa Pitcher,Tampa
14416 N Dale Mabry Hwy,Tampa
,Tampa
Fun-Lan Swap Shop,Tampa
2302 E Hillsborough Ave,Tampa
,Tampa
Adult Cinema Video,Tampa
5006 N Grady Ave,Tampa
,Tampa
Gorilla Theatre,Tampa
4419 N Hubert Ave,Tampa
,Tampa
Five Star Cinemas,Tampa
3938 Britton Plaza,Tampa
,Tampa
Falk Theater,Tampa
428 W Kennedy Blvd,Tampa
,Tampa
Villagio Cinemas,Tampa
11778 N Dale Mabry Hwy,Tampa
,Tampa
National Cine Media Inc,Tampa
12904 Rain Forest St,Tampa
,Tampa
Fantasyland,Tampa
4715 N Lois Ave,Tampa
,Tampa
The MidFlorida Credit Union Amphitheatre,Tampa
4802 N Us Highway 301,Tampa
,Tampa
Asylum Theater,Tampa
7921 N Armenia Ave,Tampa
,Tampa
Kings Men Marketing Group,Tampa
400 N Ashley Dr,Tampa
,Tampa
Ward Stadium 16,Honolulu
1044 Auahi St,Honolulu
,Honolulu
Kahala Theatres,Honolulu
4211 Waialae Ave #3080,Honolulu
,Honolulu
Consolidated Theatres Koko Marina 8,Honolulu
7192 Kalanianaole Hwy AB-100,Honolulu
,Honolulu
Regal Cinemas Dole Cannery Stadium 18 IMAX RPX Movie Theater,Honolulu
735 Iwilei Rd,Honolulu
,Honolulu
Movie Museum,Honolulu
3566 Harding Ave,Honolulu
,Honolulu
Koko Marina Center,Honolulu
7192 Kalanianaole Hwy,Honolulu
,Honolulu
Honolulu Museum of Art,Honolulu
900 S Beretania St,Honolulu
,Honolulu
Ticketmaster,Honolulu
,Honolulu
Consolidated Theatres: Pearlridge West 16,Honolulu
98-1005 Moanalua Rd,Honolulu
,Honolulu
Regal Windward Stadium 10,Honolulu
46-056 Kamehameha Hwy,Honolulu
,Honolulu
Pearl Highlands Center,Honolulu
1000 Kamehameha Hwy,Honolulu
,Honolulu
Water Gardens Keolu 4,Honolulu
1090 Keolu Dr #114,Honolulu
,Honolulu
Regal Cinemas,Honolulu
1000 Kamehameha Hwy #229,Honolulu
,Honolulu
Polynesian Cultural Center,Honolulu
55-370 Kamehameha Hwy,Honolulu
,Honolulu
Consolidated Theatres Ko'olau 10,Honolulu
47-260 Hui Iwa St,Honolulu
,Honolulu
Laie Palms Cinemas,Honolulu
55-510 Kamehameha Hwy,Honolulu
,Honolulu
ULTRASTAR CINEMAS,Anaheim
321 W Katella Ave,Anaheim
,Anaheim
Cinema City Stadium Theatres,Anaheim
5635 E La Palma Ave,Anaheim
,Anaheim
AMC Downtown Disney 12 - CA,Anaheim
1565 S Disneyland Dr,Anaheim
,Anaheim
The Shops at Anaheim GardenWalk,Anaheim
321 W Katella Ave,Anaheim
,Anaheim
Main Street Cinema,Anaheim
108 Main St,Anaheim
,Anaheim
Regal Anaheim Hills 14,Anaheim
8030 E Santa Ana Canyon Rd,Anaheim
,Anaheim
714 Tickets,Anaheim
2620 E Katella Ave,Anaheim
,Anaheim
All Star Home Theater,Anaheim
,Anaheim
KC Home Theater,Anaheim
330 S Anise St,Anaheim
,Anaheim
Indiana Jones Adventure Show Building,Anaheim
,Anaheim
Team Cinema,Anaheim
217 N Lemon St,Anaheim
,Anaheim
Merican Multi-Cinema Inc,Anaheim
,Anaheim
The Gallery Theatre,Anaheim
3152 E La Palma Ave,Anaheim
,Anaheim
AMC Fullerton,Anaheim
1001 S Lemon St,Anaheim
,Anaheim
Cinemark Century Stadium 25 and XD,Anaheim
1701 W Katella Ave,Anaheim
,Anaheim
Brea Plaza 5 Cinemas,Anaheim
453 S Associated Rd,Anaheim
,Anaheim
AMC Orange 30,Anaheim
20 City Blvd W,Anaheim
,Anaheim
Picture Show Entertainment,Anaheim
2800 N Main St #999,Anaheim
,Anaheim
Krikorian Premier Theaters,Anaheim
8290 La Palma Ave,Anaheim
,Anaheim
Paramount Theatre,Aurora
23 E Galena Blvd,Aurora
,Aurora
Hollywood Blvd Cinema,Aurora
1001 W 75th St,Aurora
,Aurora
Cinemark Tinseltown USA,Aurora
320 S Lincolnway St,Aurora
,Aurora
Goodrich Kendall 10 Theater,Aurora
95 5th St,Aurora
,Aurora
Hollywood Palms Cinema,Aurora
352 Illinois 59,Aurora
,Aurora
AMC Showplace Naperville 16,Aurora
2815 Show Pl Dr,Aurora
,Aurora
Regal Cantera,Aurora
28250 Diehl Rd,Aurora
,Aurora
Goodrich Randall 15 IMAX,Aurora
550 N Randall Rd,Aurora
,Aurora
Ogden 6 Theatre,Aurora
1227 E Ogden Ave,Aurora
,Aurora
Kidz Kabaret,Aurora
1665 Quincy Ave #143,Aurora
,Aurora
Studio Movie Grill,Aurora
301 Rice Lake Square,Aurora
,Aurora
iPic Theaters,Aurora
619 E Boughton Rd #200,Aurora
,Aurora
Classic Cinemas,Aurora
3740 E Main St,Aurora
,Aurora
Glen Theatre,Aurora
540 Crescent Blvd #1,Aurora
,Aurora
Cinemark At Seven Bridges IMAX,Aurora
6500 Illinois 53,Aurora
,Aurora
Blazing Star Cinema,Aurora
24325 Blazing Star Ct,Aurora
,Aurora
Picture Show,Aurora
324 W Army Trail Rd,Aurora
,Aurora
AMC Loews Woodridge 18,Aurora
10000 Woodward Ave,Aurora
,Aurora
Fiesta Twin Theatre,Santa Ana
305 E 4th St,Santa Ana
,Santa Ana
Picture Show Entertainment,Santa Ana
2800 N Main St #999,Santa Ana
,Santa Ana
Regency South Coast Village,Santa Ana
1561 W Sunflower Ave,Santa Ana
,Santa Ana
Mysterium,Santa Ana
19211 Dodge Ave,Santa Ana
,Santa Ana
AMC Orange 30,Santa Ana
20 City Blvd W,Santa Ana
,Santa Ana
Cinemark Century Stadium 25 and XD,Santa Ana
1701 W Katella Ave,Santa Ana
,Santa Ana
Edwards Theaters Metro Pointe Stadium 12 Movie Theater,Santa Ana
901 S Coast Dr,Santa Ana
,Santa Ana
AMC Tustin 14,Santa Ana
2457 Park Ave,Santa Ana
,Santa Ana
The Shops at Anaheim GardenWalk,Santa Ana
321 W Katella Ave,Santa Ana
,Santa Ana
ULTRASTAR CINEMAS,Santa Ana
321 W Katella Ave,Santa Ana
,Santa Ana
Woodbridge Movies 5,Santa Ana
4626 Barranca Pkwy,Santa Ana
,Santa Ana
Main Street Cinema,Santa Ana
108 Main St,Santa Ana
,Santa Ana
Village Theater Of Orange,Santa Ana
1140 N Tustin St,Santa Ana
,Santa Ana
Cinema City Stadium Theatres,Santa Ana
5635 E La Palma Ave,Santa Ana
,Santa Ana
714 Tickets,Santa Ana
2620 E Katella Ave,Santa Ana
,Santa Ana
Regal University Town Center,Santa Ana
4245 Campus Dr,Santa Ana
,Santa Ana
Ronnies 20 Cine,St. Louis
5320 S Lindbergh Blvd,St. Louis
,St. Louis
Moolah Theatre & Lounge,St. Louis
3821 Lindell Blvd,St. Louis
,St. Louis
AMC Esquire 7,St. Louis
6706 Clayton Rd,St. Louis
,St. Louis
Landmark's Tivoli Theatre,St. Louis
6350 Delmar Blvd,St. Louis
,St. Louis
Hi-Pointe Theatre,St. Louis
1005 McCausland Ave,St. Louis
,St. Louis
Galleria 6 Cinemas,St. Louis
30 St Louis Galleria,St. Louis
,St. Louis
AMC Creve Coeur 12,St. Louis
10465 Olive Blvd,St. Louis
,St. Louis
Landmark Plaza Frontenac,St. Louis
1701 S Lindbergh Blvd #210,St. Louis
,St. Louis
Regal Cinemas St. Louis Mills Stadium 18 IMAX Movie Theater,St. Louis
5555 St.Louis Mills Blvd,St. Louis
,St. Louis
Keller Plaza Cine 8,St. Louis
4572 Lemay Ferry Rd,St. Louis
,St. Louis
AMC West Olive 16,St. Louis
12657 Olive Blvd,St. Louis
,St. Louis
Cinema St Louis,St. Louis
3547 Olive St,St. Louis
,St. Louis
Fox Theatre,St. Louis
527 N Grand Blvd,St. Louis
,St. Louis
Omnimax Theater,St. Louis
5050 Oakland Ave,St. Louis
,St. Louis
Gateway Arch Riverboat,St. Louis
50 S Leonor K Sullivan Blvd,St. Louis
,St. Louis
MX Movies,St. Louis
618 Washington Ave #201,St. Louis
,St. Louis
Jamestown 14,St. Louis
209 Jamestown Mall,St. Louis
,St. Louis
K's Theatrical Korps,St. Louis
4200 Delor St,St. Louis
,St. Louis
Classic Cinemas: North Riverside Mall Theatre,Riverside
7501 W Cermak Rd,Riverside
,Riverside
Classic Cinemas: Lake Theatre,Riverside
1022 Lake St,Riverside
,Riverside
Classic Cinemas: Tivoli Theatre,Riverside
5021 Highland Ave,Riverside
,Riverside
Classic Cinemas: York Theatre,Riverside
150 N York St,Riverside
,Riverside
AMC Loews Quarry Cinemas 14,Riverside
9201 W 63rd St,Riverside
,Riverside
AMC Showplace Cicero 14,Riverside
4779 W Cermak Rd,Riverside
,Riverside
AMC River East 21,Riverside
322 E Illinois St,Riverside
,Riverside
La Grange Theatre,Riverside
80 S La Grange Rd,Riverside
,Riverside
Cinemark Melrose Park,Riverside
1001 W North Ave,Riverside
,Riverside
Chicago Theatre,Riverside
175 N State St,Riverside
,Riverside
Congress Theater,Riverside
2135 N Milwaukee Ave,Riverside
,Riverside
Regal City North Stadium 14 & RPX,Riverside
2600 N Western Ave,Riverside
,Riverside
Logan Theatre,Riverside
2646 N Milwaukee Ave,Riverside
,Riverside
The Vic,Riverside
3145 N Sheffield Ave,Riverside
,Riverside
Pickwick Theatre,Riverside
5 S Prospect Ave,Riverside
,Riverside
Patio Theater,Riverside
6008 W Irving Park Rd,Riverside
,Riverside
Landmark´s Century Centre Cinema,Riverside
2828 N Clark St,Riverside
,Riverside
Madison Street Theatre,Riverside
1010 Madison St,Riverside
,Riverside
Chopin Theatre,Riverside
1543 W Division St,Riverside
,Riverside
Gene Siskel Film Center,Riverside
164 N State St,Riverside
,Riverside
Starplex Cinemas,Corpus Christi
5218 Silverberry Dr,Corpus Christi
,Corpus Christi
Cinemark 16 Corpus Christi,Corpus Christi
6685 S Padre Island Dr,Corpus Christi
,Corpus Christi
Cinemark Dollar Cinemas,Corpus Christi
5858 S Padre Island Dr,Corpus Christi
,Corpus Christi
Movie House,Corpus Christi
10338 S Padre Island Dr,Corpus Christi
,Corpus Christi
Ticketsbythebay.Com,Corpus Christi
4420 S Padre Island Dr,Corpus Christi
,Corpus Christi
Joe Jessel 3D MEGA Theater,Corpus Christi
N Shoreline Blvd,Corpus Christi
,Corpus Christi
Northshore Cinema 8,Corpus Christi
251 Buddy Ganem Dr,Corpus Christi
,Corpus Christi
Redbox,Corpus Christi
2616 Hwy 361,Corpus Christi
,Corpus Christi
Rockport Film Festival,Corpus Christi
902 Navigation Cir,Corpus Christi
,Corpus Christi
Rio 7 Cinemas,Corpus Christi
1601 U.S. 77,Corpus Christi
,Corpus Christi
Cinema 4,Corpus Christi
2702 Hwy 35 N,Corpus Christi
,Corpus Christi
Plaza Four,Corpus Christi
2975 E Main St,Corpus Christi
,Corpus Christi
SouthSide Works,Pittsburgh
425 Cinema Dr,Pittsburgh
,Pittsburgh
Harris Theater,Pittsburgh
809 Liberty Ave,Pittsburgh
,Pittsburgh
Manor Theater,Pittsburgh
1729 Murray Ave,Pittsburgh
,Pittsburgh
Waterworks Cinemas,Pittsburgh
930 Freeport Rd,Pittsburgh
,Pittsburgh
Carnegie Science Center,Pittsburgh
1 Allegheny Ave,Pittsburgh
,Pittsburgh
Carmike Galleria 6,Pittsburgh
1500 Washington Rd,Pittsburgh
,Pittsburgh
Hollywood Theater,Pittsburgh
1449 Potomac Ave,Pittsburgh
,Pittsburgh
Cinemark,Pittsburgh
2100 Settler's Ridge Center Dr,Pittsburgh
,Pittsburgh
Quantum Theatre,Pittsburgh
218 N Highland Ave,Pittsburgh
,Pittsburgh
Cabaret Theatre,Pittsburgh
655 Penn Ave,Pittsburgh
,Pittsburgh
Kelly-Strayhorn Theater,Pittsburgh
5941 Penn Ave,Pittsburgh
,Pittsburgh
regent square theater,Pittsburgh
1035 S Braddock Ave,Pittsburgh
,Pittsburgh
Rave Cinemas,Pittsburgh
9700 McKnight Rd,Pittsburgh
,Pittsburgh
Twin Hi-Way Drive-In,Pittsburgh
5588 Steubenville Pike,Pittsburgh
,Pittsburgh
Penn Hills Cinema,Pittsburgh
76 Federal Dr,Pittsburgh
,Pittsburgh
City Theatre,Pittsburgh
1300 Bingham St,Pittsburgh
,Pittsburgh
Eddy Theatre,Pittsburgh
Woodland Rd,Pittsburgh
,Pittsburgh
Southland 9,Pittsburgh
629 Clairton Blvd,Pittsburgh
,Pittsburgh
AMC Loews Waterfront 22,Pittsburgh
300 W Waterfront Dr,Pittsburgh
,Pittsburgh
Cinemark Fayette Mall,Lexington
3800 Mall Rd,Lexington
,Lexington
Kentucky Theatre,Lexington
214 E Main St,Lexington
,Lexington
Cinemark Lexington Movies 8,Lexington
200 Lexington Green Cir,Lexington
,Lexington
Lexington Movie Tavern,Lexington
133 N Locust Hill Dr,Lexington
,Lexington
Carmike 10,Lexington
3151 Mapleleaf Dr,Lexington
,Lexington
Cinemark Woodhill Movies 10,Lexington
425 Codell Dr,Lexington
,Lexington
Regal Cinemas Hamburg Pavilion Stadium 16 Movie Theater,Lexington
1949 Star Shoot Pkwy,Lexington
,Lexington
Kentucky Ballet Theatre,Lexington
736 National Ave,Lexington
,Lexington
Franklin-Williams Co,Lexington
116 Venture Ct,Lexington
,Lexington
Lyric Theatre & Cultural Arts Center,Lexington
300 E Third St,Lexington
,Lexington
AMStar 14,Lexington
150 Langley Dr,Lexington
,Lexington
Theatres of Georgetown,Lexington
401 Outlet Center Dr,Lexington
,Lexington
Movies 9,Lexington
40 Winchester Plaza,Lexington
,Lexington
Leeds Center For The Arts,Lexington
37 N Main St,Lexington
,Lexington
Chakeres Franklin Square Cinema 6,Lexington
161 Franklin Square,Lexington
,Lexington
Grand Theatre,Lexington
308 St Clair St,Lexington
,Lexington
Bourbon Drive In Theatre,Lexington
US68 Jackstown Rd,Lexington
,Lexington
Sky-Vue Twin Drive-In,Lexington
59